-178.8,-176.3,-173.7,-171.2,-168.7,-166.2,-163.8,-161.3,-158.8,-156.3,-153.8,-151.3,-148.8,-146.3,-143.8,-141.3,-138.8,-136.3,-133.8,-131.3,-128.8,-126.2,-123.8,-121.3,-118.8,-116.3,-113.8,-111.3,-108.8,-106.3,-103.8,-101.3,-98.7,-96.2,-93.8,-91.3,-88.8,-86.3,-83.8,-81.3,-78.7,-76.2,-73.8,-71.3,-68.8,-66.3,-63.7,-61.2,-58.7,-56.2,-53.8,-51.3,-48.8,-46.3,-43.8,-41.3,-38.8,-36.3,-33.8,-31.3,-28.8,-26.3,-23.7,-21.2,-18.8,-16.3,-13.8,-11.3,-8.8,-6.3,-3.8,-1.3,1.3,3.8,6.3,8.8,11.2,13.7,16.3,18.8,21.2,23.7,26.3,28.8,31.3,33.8,36.3,38.8,41.3,43.8,46.2,48.7,51.2,53.7,56.3,58.8,61.3,63.8,66.2,68.7,71.3,73.8,76.3,78.8,81.3,83.8,86.2,88.7,91.3,93.8,96.3,98.8,101.3,103.8,106.3,108.8,111.3,113.8,116.2,118.7,121.2,123.7,126.3,128.8,131.3,133.8,136.3,138.8,141.3,143.8,146.3,148.8,151.3,153.8,156.2,158.7,161.2,163.7,166.3,168.8,171.3,173.8,176.3,178.8
88.75,1600,1600,1592.8,1592.8,1580.7,1580.7,1567.3,1567.3,1557.5,1557.5,1552.9,1552.9,1552.1,1552.1,1552.6,1552.6,1552.9,1552.9,1552.3,1552.3,1549.7,1549.7,1545.4,1545.4,1541.2,1541.2,1539.5,1539.5,1541.6,1541.6,1547.9,1547.9,1557.9,1557.9,1571.8,1571.8,1587.1,1587.1,1592.4,1592.4,1583.9,1583.9,1572.5,1572.5,1563.9,1563.9,1557.7,1557.7,1553.2,1553.2,1550.2,1550.2,1551.5,1551.5,1557.4,1557.4,1560.6,1560.6,1559.3,1559.3,1554.6,1554.6,1545.2,1545.2,1528.9,1528.9,1510.8,1510.8,1500,1500,1502.4,1502.4,1510.9,1510.9,1517.8,1517.8,1520.4,1520.4,1519.5,1519.5,1521,1521,1530,1530,1542.2,1542.2,1552.1,1552.1,1559.1,1559.1,1562.7,1562.7,1562,1562,1557.1,1557.1,1551.1,1551.1,1546.9,1546.9,1547.7,1547.7,1557.8,1557.8,1582,1582,1612.2,1612.2,1625.3,1625.3,1617.5,1617.5,1604.6,1604.6,1590.7,1590.7,1575.8,1575.8,1565.7,1565.7,1563.3,1563.3,1566.5,1566.5,1573.3,1573.3,1582.4,1582.4,1592.1,1592.1,1599.4,1599.4,1602.2,1602.2,1601.1,1601.1,1599.3,1599.3,1599.1,1599.1,1600.6,1600.6,1601.9,1601.9
86.25,1602.1,1597.7,1597.7,1587.1,1587.1,1572.7,1572.7,1559.8,1559.8,1552.7,1552.7,1550.9,1550.9,1551.3,1551.3,1552,1552,1552.2,1552.2,1551.3,1551.3,1548,1548,1543.4,1543.4,1540,1540,1540.1,1540.1,1544.2,1544.2,1552.8,1552.8,1564.9,1564.9,1581.6,1581.6,1596,1596,1592,1592,1579.1,1579.1,1567.7,1567.7,1559.7,1559.7,1554.7,1554.7,1550.6,1550.6,1548,1548,1552.8,1552.8,1559.5,1559.5,1559.7,1559.7,1556.9,1556.9,1549.7,1549.7,1535.1,1535.1,1515.5,1515.5,1499.5,1499.5,1499.3,1499.3,1500.9,1500.9,1511.8,1511.8,1517,1517,1517.8,1517.8,1516.8,1516.8,1523.6,1523.6,1537.5,1537.5,1549.3,1549.3,1557.8,1557.8,1562.9,1562.9,1564.2,1564.2,1561,1561,1554.5,1554.5,1548.6,1548.6,1545.8,1545.8,1549.7,1549.7,1566.1,1566.1,1598.7,1598.7,1628.6,1628.6,1626.9,1626.9,1612.8,1612.8,1600.7,1600.7,1584.7,1584.7,1569.1,1569.1,1562.8,1562.8,1563.7,1563.7,1568.9,1568.9,1577.4,1577.4,1587.9,1587.9,1597.5,1597.5,1602.4,1602.4,1602.1,1602.1,1599.5,1599.5,1598.1,1598.1,1599.2,1599.2,1601.5,1601.5,1602.1
83.75,1603.3,1603.3,1594.3,1594.3,1579.3,1579.3,1564,1564,1554.2,1554.2,1551.2,1551.2,1551.6,1551.6,1552.8,1552.8,1553.7,1553.7,1554.2,1554.2,1553.3,1553.3,1549.6,1549.6,1544.4,1544.4,1542.2,1542.2,1545.3,1545.3,1552,1552,1566.5,1566.5,1579.8,1579.8,1543.1,1543.1,1552.1,1552.1,1588.2,1588.2,1573.4,1573.4,1564.4,1564.4,1558.4,1558.4,1553.6,1553.6,1550.2,1550.2,1547.3,1547.3,1541,1541,1563.5,1563.5,1560.6,1560.6,1557.3,1557.3,1549.3,1549.3,1535,1535,1510.1,1510.1,1487.5,1487.5,1481.2,1481.2,1489.1,1489.1,1498.7,1498.7,1507.2,1507.2,1506.5,1506.5,1511.3,1511.3,1523,1523,1543.1,1543.1,1555.9,1555.9,1565,1565,1569.8,1569.8,1569.6,1569.6,1562.9,1562.9,1555.2,1555.2,1547.8,1547.8,1546,1546,1555.3,1555.3,1584.8,1584.8,1634,1634,1654.5,1654.5,1622.6,1622.6,1610.6,1610.6,1599.2,1599.2,1572,1572,1561.7,1561.7,1563.7,1563.7,1569.8,1569.8,1578.8,1578.8,1589.8,1589.8,1600.6,1600.6,1606.8,1606.8,1606,1606,1601.5,1601.5,1598.9,1598.9,1599.7,1599.7,1602.8,1602.8,1605.3,1605.3
81.25,1609.6,1601.9,1601.9,1584.7,1584.7,1565.1,1565.1,1551.8,1551.8,1548.5,1548.5,1550.1,1550.1,1552.4,1552.4,1554.1,1554.1,1555.7,1555.7,1558.2,1558.2,1557.9,1557.9,1552,1552,1546.6,1546.6,1548.3,1548.3,1557.7,1557.7,1565.1,1565.1,1541.9,1541.9,1542.3,1542.3,1539.9,1539.9,1565.2,1565.2,1572,1572,1565.5,1565.5,1554.1,1554.1,1552.3,1552.3,1547.1,1547.1,1545.2,1545.2,1551.4,1551.4,1545.7,1545.7,1558.9,1558.9,1556.9,1556.9,1551.7,1551.7,1541.7,1541.7,1510.9,1510.9,1470.9,1470.9,1439.5,1439.5,1435.3,1435.3,1412.3,1412.3,1414.8,1414.8,1333.2,1333.2,1317.4,1317.4,1476.8,1476.8,1531.3,1531.3,1555.1,1555.1,1556.2,1556.2,1536.5,1536.5,1540.6,1540.6,1554.7,1554.7,1543.5,1543.5,1554.1,1554.1,1543.3,1543.3,1546.5,1546.5,1565.5,1565.5,1620.7,1620.7,1699.1,1699.1,1517.1,1517.1,1616,1616,1619,1619,1594.2,1594.2,1557.1,1557.1,1561,1561,1570.3,1570.3,1582.4,1582.4,1595,1595,1606.5,1606.5,1616,1616,1614.9,1614.9,1604.9,1604.9,1598.6,1598.6,1598.8,1598.8,1603,1603,1608.4,1608.4,1609.6
78.75,1616.5,1616.5,1597.6,1597.6,1569.5,1569.5,1549,1549,1544.7,1544.7,1548.1,1548.1,1553.2,1553.2,1556.5,1556.5,1558.7,1558.7,1562.8,1562.8,1572.8,1572.8,1571.5,1571.5,1559.3,1559.3,1559.4,1559.4,1567.3,1567.3,1585.2,1585.2,1582,1582,1536.6,1536.6,1526.1,1526.1,1510.7,1510.7,1554.6,1554.6,1516.4,1516.4,NaN,NaN,NaN,NaN,NaN,NaN,NaN,NaN,NaN,NaN,NaN,NaN,NaN,NaN,NaN,NaN,NaN,NaN,NaN,NaN,NaN,NaN,1468.4,1468.4,1421.3,1421.3,1245.1,1245.1,1133,1133,1111.7,1111.7,1144.5,1144.5,1260.5,1260.5,1347.8,1347.8,1414.1,1414.1,1495.5,1495.5,1527.6,1527.6,1470.1,1470.1,1462.3,1462.3,1471.6,1471.6,1494.6,1494.6,1511.5,1511.5,1520.5,1520.5,1517,1517,1541.2,1541.2,1557,1557,1672.9,1672.9,1580.7,1580.7,1540.7,1540.7,1530.1,1530.1,1504.5,1504.5,1562.2,1562.2,1553.5,1553.5,1569.6,1569.6,1587.6,1587.6,1608.3,1608.3,1619.7,1619.7,1630.3,1630.3,1638.6,1638.6,1618.2,1618.2,1600.9,1600.9,1598.3,1598.3,1602.8,1602.8,1611.1,1611.1,1618.8,1618.8
76.25,1635.1,1619.1,1619.1,1588.2,1588.2,1553.1,1553.1,1536.8,1536.8,1543.1,1543.1,1549.8,1549.8,1559.4,1559.4,1560.9,1560.9,1564.6,1564.6,1577.6,1577.6,1445.8,1445.8,1433.1,1433.1,1603.6,1603.6,1591.7,1591.7,1602.1,1602.1,1520.8,1520.8,NaN,NaN,NaN,NaN,NaN,NaN,NaN,NaN,NaN,NaN,NaN,NaN,NaN,NaN,NaN,NaN,NaN,NaN,NaN,NaN,NaN,NaN,NaN,NaN,NaN,NaN,NaN,NaN,NaN,NaN,1474.2,1474.2,1448.6,1448.6,1395.8,1395.8,1166,1166,640.32,640.32,622.06,622.06,593.4,593.4,905.1,905.1,1086.9,1086.9,1167.7,1167.7,1252.8,1252.8,1267.8,1267.8,1308.4,1308.4,1340.4,1340.4,1376.3,1376.3,1369.4,1369.4,1430.8,1430.8,1452.2,1452.2,1424.5,1424.5,1458.2,1458.2,1498.6,1498.6,1346.1,1346.1,1563.1,1563.1,1575.9,1575.9,NaN,NaN,NaN,NaN,1487.4,1487.4,1522.3,1522.3,1553.9,1553.9,1588.5,1588.5,1606.6,1606.6,1631.3,1631.3,1634.1,1634.1,1671.1,1671.1,1658.6,1658.6,1608.6,1608.6,1597.6,1597.6,1599.6,1599.6,1609.2,1609.2,1623.4,1623.4,1635.1
73.75,1653.2,1653.2,1622.6,1622.6,1602,1602,1524.7,1524.7,1535.2,1535.2,1541.6,1541.6,1553.3,1553.3,1568,1568,1566.7,1566.7,1574.2,1574.2,1451.6,1451.6,1391.8,1391.8,1403.4,1403.4,1491,1491,1543.1,1543.1,1597.2,1597.2,1441.6,1441.6,NaN,NaN,NaN,NaN,NaN,NaN,NaN,NaN,NaN,NaN,1218.6,1218.6,1206.3,1206.3,NaN,NaN,NaN,NaN,NaN,NaN,NaN,NaN,NaN,NaN,NaN,NaN,NaN,NaN,1557.2,1557.2,1509.5,1509.5,1216.2,1216.2,985.4,985.4,798.85,798.85,607.07,607.07,582.5,582.5,573.92,573.92,579.17,579.17,610.08,610.08,703.57,703.57,810.12,810.12,927.04,927.04,944.39,944.39,1217.7,1217.7,1371.8,1371.8,1327.3,1327.3,1424.6,1424.6,1287.8,1287.8,1239.1,1239.1,1419.6,1419.6,1309.7,1309.7,NaN,NaN,NaN,NaN,NaN,NaN,NaN,NaN,NaN,NaN,NaN,NaN,1302.7,1302.7,1323.1,1323.1,1526,1526,1545,1545,1542,1542,1592.7,1592.7,1616.5,1616.5,1626.7,1626.7,1600.8,1600.8,1596.2,1596.2,1601.4,1601.4,1615.4,1615.4,1637.3,1637.3
71.25,1693.2,1613.4,1613.4,1581.7,1581.7,1510.2,1510.2,1501.1,1501.1,1505,1505,1530.2,1530.2,1578.4,1578.4,1550.1,1550.1,1563.5,1563.5,1484,1484,1434.6,1434.6,NaN,NaN,NaN,NaN,NaN,NaN,1534.1,1534.1,1440.5,1440.5,NaN,NaN,NaN,NaN,NaN,NaN,NaN,NaN,1072.8,1072.8,1118.1,1118.1,1106.7,1106.7,1162.7,1162.7,NaN,NaN,NaN,NaN,NaN,NaN,NaN,NaN,NaN,NaN,NaN,NaN,1560.9,1560.9,1387.1,1387.1,1187.5,1187.5,821.29,821.29,636.91,636.91,609.64,609.64,585.11,585.11,573.14,573.14,575.23,575.23,584.51,584.51,585.93,585.93,667.25,667.25,727.61,727.61,661.65,661.65,830.82,830.82,1267,1267,1310.1,1310.1,1345.2,1345.2,1305,1305,1248,1248,NaN,NaN,NaN,NaN,NaN,NaN,NaN,NaN,NaN,NaN,NaN,NaN,NaN,NaN,NaN,NaN,NaN,NaN,NaN,NaN,NaN,NaN,NaN,NaN,1531,1531,NaN,NaN,NaN,NaN,1617.3,1617.3,1587,1587,1578.4,1578.4,1589.7,1589.7,1595,1595,1607.2,1607.2,1693.2
68.75,1586.1,1586.1,1568.4,1568.4,1612.9,1612.9,NaN,NaN,NaN,NaN,NaN,NaN,NaN,NaN,1501.9,1501.9,1470.3,1470.3,1463.1,1463.1,NaN,NaN,NaN,NaN,NaN,NaN,NaN,NaN,NaN,NaN,NaN,NaN,NaN,NaN,NaN,NaN,NaN,NaN,NaN,NaN,1081.3,1081.3,1136.8,1136.8,1096.8,1096.8,1155.6,1155.6,1261.2,1261.2,NaN,NaN,NaN,NaN,NaN,NaN,NaN,NaN,NaN,NaN,1600.9,1600.9,1256.7,1256.7,821.84,821.84,750.67,750.67,629.35,629.35,594.33,594.33,559.29,559.29,604.35,604.35,589.56,589.56,1178,1178,NaN,NaN,NaN,NaN,1191.9,1191.9,1092.4,1092.4,699.32,699.32,1253.8,1253.8,1284,1284,1239.3,1239.3,1288.5,1288.5,NaN,NaN,NaN,NaN,NaN,NaN,NaN,NaN,NaN,NaN,NaN,NaN,NaN,NaN,NaN,NaN,NaN,NaN,NaN,NaN,NaN,NaN,NaN,NaN,NaN,NaN,NaN,NaN,NaN,NaN,NaN,NaN,NaN,NaN,NaN,NaN,NaN,NaN,NaN,NaN,NaN,NaN,NaN,NaN,NaN,NaN
66.25,NaN,1643.4,1643.4,1359.4,1359.4,NaN,NaN,NaN,NaN,NaN,NaN,NaN,NaN,NaN,NaN,NaN,NaN,NaN,NaN,NaN,NaN,NaN,NaN,NaN,NaN,NaN,NaN,NaN,NaN,NaN,NaN,NaN,NaN,NaN,NaN,NaN,NaN,NaN,NaN,998.49,998.49,1005.8,1005.8,1233.2,1233.2,1266.8,1266.8,1196.8,1196.8,1209.3,1209.3,1409,1409,NaN,NaN,NaN,NaN,NaN,NaN,1570.9,1570.9,973.06,973.06,1187.2,1187.2,720.4,720.4,599.47,599.47,569.2,569.2,543.96,543.96,554.63,554.63,569,569,NaN,NaN,NaN,NaN,NaN,NaN,NaN,NaN,NaN,NaN,945.52,945.52,NaN,NaN,NaN,NaN,NaN,NaN,NaN,NaN,NaN,NaN,NaN,NaN,NaN,NaN,NaN,NaN,NaN,NaN,NaN,NaN,NaN,NaN,NaN,NaN,NaN,NaN,NaN,NaN,NaN,NaN,NaN,NaN,NaN,NaN,NaN,NaN,NaN,NaN,NaN,NaN,NaN,NaN,NaN,NaN,NaN,NaN,NaN,NaN,NaN,NaN,NaN,NaN,NaN,NaN,NaN
63.75,NaN,NaN,1380.9,1380.9,1397.1,1397.1,NaN,NaN,NaN,NaN,NaN,NaN,NaN,NaN,NaN,NaN,NaN,NaN,NaN,NaN,NaN,NaN,NaN,NaN,NaN,NaN,NaN,NaN,NaN,NaN,NaN,NaN,NaN,NaN,NaN,NaN,828.37,828.37,986.9,986.9,996.68,996.68,NaN,NaN,NaN,NaN,1146.1,1146.1,910.04,910.04,1323.1,1323.1,1273.9,1273.9,1309.9,1309.9,NaN,NaN,1020.4,1020.4,844.54,844.54,1176.7,1176.7,NaN,NaN,609.11,609.11,542.56,542.56,548.55,548.55,463.38,463.38,903.87,903.87,NaN,NaN,NaN,NaN,NaN,NaN,NaN,NaN,NaN,NaN,NaN,NaN,NaN,NaN,NaN,NaN,NaN,NaN,NaN,NaN,NaN,NaN,NaN,NaN,NaN,NaN,NaN,NaN,NaN,NaN,NaN,NaN,NaN,NaN,NaN,NaN,NaN,NaN,NaN,NaN,NaN,NaN,NaN,NaN,NaN,NaN,NaN,NaN,NaN,NaN,NaN,NaN,NaN,NaN,NaN,NaN,NaN,NaN,NaN,NaN,NaN,NaN,NaN,NaN,NaN,NaN,NaN,NaN
61.25,1081.4,1228.9,1228.9,1259.6,1259.6,NaN,NaN,NaN,NaN,NaN,NaN,NaN,NaN,NaN,NaN,NaN,NaN,NaN,NaN,NaN,NaN,NaN,NaN,NaN,NaN,NaN,NaN,NaN,NaN,NaN,NaN,NaN,NaN,NaN,NaN,848.91,848.91,870.08,870.08,869.4,869.4,NaN,NaN,NaN,NaN,1226.8,1226.8,964.09,964.09,674.32,674.32,1248,1248,1251,1251,674.07,674.07,914.79,914.79,834.28,834.28,744.17,744.17,681.75,681.75,634.31,634.31,566.07,566.07,534.44,534.44,484.99,484.99,570.48,570.48,NaN,NaN,NaN,NaN,NaN,NaN,NaN,NaN,NaN,NaN,NaN,NaN,NaN,NaN,NaN,NaN,NaN,NaN,NaN,NaN,NaN,NaN,NaN,NaN,NaN,NaN,NaN,NaN,NaN,NaN,NaN,NaN,NaN,NaN,NaN,NaN,NaN,NaN,NaN,NaN,NaN,NaN,NaN,NaN,NaN,NaN,NaN,NaN,NaN,NaN,NaN,NaN,NaN,NaN,NaN,NaN,NaN,NaN,NaN,NaN,NaN,NaN,NaN,NaN,NaN,NaN,NaN,NaN,1081.4
58.75,895.34,895.34,899.39,899.39,1165.5,1165.5,NaN,NaN,NaN,NaN,NaN,NaN,580.03,580.03,NaN,NaN,NaN,NaN,NaN,NaN,NaN,NaN,NaN,NaN,NaN,NaN,NaN,NaN,NaN,NaN,NaN,NaN,NaN,NaN,NaN,NaN,1020.5,1020.5,1020.2,1020.2,NaN,NaN,NaN,NaN,NaN,NaN,1183.3,1183.3,664.86,664.86,665.5,665.5,589.06,589.06,575.95,575.95,631.91,631.91,816.2,816.2,771.05,771.05,687.6,687.6,632.26,632.26,593.89,593.89,498.51,498.51,488.55,488.55,398.26,398.26,NaN,NaN,NaN,NaN,NaN,NaN,NaN,NaN,NaN,NaN,NaN,NaN,NaN,NaN,NaN,NaN,NaN,NaN,NaN,NaN,NaN,NaN,NaN,NaN,NaN,NaN,NaN,NaN,NaN,NaN,NaN,NaN,NaN,NaN,NaN,NaN,NaN,NaN,NaN,NaN,NaN,NaN,NaN,NaN,NaN,NaN,NaN,NaN,NaN,NaN,NaN,NaN,NaN,NaN,NaN,NaN,NaN,NaN,NaN,NaN,NaN,NaN,NaN,NaN,1017.3,1017.3,554.31,554.31,656.68,656.68
56.25,667.75,664.83,664.83,668.37,668.37,665.92,665.92,NaN,NaN,542.8,542.8,550.61,550.61,530.64,530.64,503.73,503.73,623.52,623.52,NaN,NaN,NaN,NaN,NaN,NaN,NaN,NaN,NaN,NaN,NaN,NaN,NaN,NaN,NaN,NaN,NaN,NaN,821.12,821.12,NaN,NaN,NaN,NaN,NaN,NaN,NaN,NaN,1367.3,1367.3,702.24,702.24,582.31,582.31,531.97,531.97,551.41,551.41,642.02,642.02,677.6,677.6,658.05,658.05,628.7,628.7,593.42,593.42,492.94,492.94,NaN,NaN,344.93,344.93,254.71,254.71,NaN,NaN,NaN,NaN,NaN,NaN,NaN,NaN,NaN,NaN,NaN,NaN,NaN,NaN,NaN,NaN,NaN,NaN,NaN,NaN,NaN,NaN,NaN,NaN,NaN,NaN,NaN,NaN,NaN,NaN,NaN,NaN,NaN,NaN,NaN,NaN,NaN,NaN,NaN,NaN,NaN,NaN,NaN,NaN,NaN,NaN,NaN,NaN,NaN,NaN,NaN,NaN,NaN,NaN,1236,1236,1156.8,1156.8,1371.1,1371.1,NaN,NaN,678.11,678.11,664.97,664.97,654.03,654.03,667.75
53.75,653.64,653.64,645.72,645.72,640.11,640.11,610.1,610.1,520.91,520.91,519.23,519.23,528.55,528.55,488.41,488.41,462.67,462.67,658.65,658.65,NaN,NaN,NaN,NaN,NaN,NaN,NaN,NaN,NaN,NaN,NaN,NaN,NaN,NaN,NaN,NaN,NaN,NaN,NaN,NaN,NaN,NaN,NaN,NaN,NaN,NaN,NaN,NaN,1168,1168,821.33,821.33,562.78,562.78,528.14,528.14,541.36,541.36,597.29,597.29,594.79,594.79,580.86,580.86,554.85,554.85,513.23,513.23,411.91,411.91,NaN,NaN,302.52,302.52,209.77,209.77,NaN,NaN,NaN,NaN,NaN,NaN,NaN,NaN,NaN,NaN,NaN,NaN,NaN,NaN,NaN,NaN,NaN,NaN,NaN,NaN,NaN,NaN,NaN,NaN,NaN,NaN,NaN,NaN,NaN,NaN,NaN,NaN,NaN,NaN,NaN,NaN,NaN,NaN,NaN,NaN,NaN,NaN,NaN,NaN,NaN,NaN,NaN,NaN,NaN,NaN,NaN,NaN,1188.5,1188.5,1208.6,1208.6,778.22,778.22,1408.9,1408.9,667.17,667.17,678.84,678.84,671.73,671.73,675.98,675.98
51.25,661.52,644.64,644.64,638.11,638.11,630.5,630.5,583.77,583.77,523.24,523.24,510.46,510.46,490.57,490.57,468.92,468.92,451.66,451.66,377.2,377.2,NaN,NaN,NaN,NaN,NaN,NaN,NaN,NaN,NaN,NaN,NaN,NaN,NaN,NaN,NaN,NaN,NaN,NaN,NaN,NaN,NaN,NaN,NaN,NaN,NaN,NaN,NaN,NaN,1253.5,1253.5,570.28,570.28,499.33,499.33,504.06,504.06,527.7,527.7,531.63,531.63,528.21,528.21,519.15,519.15,505.58,505.58,465.55,465.55,NaN,NaN,NaN,NaN,237.33,237.33,NaN,NaN,NaN,NaN,NaN,NaN,NaN,NaN,NaN,NaN,NaN,NaN,NaN,NaN,NaN,NaN,NaN,NaN,NaN,NaN,NaN,NaN,NaN,NaN,NaN,NaN,NaN,NaN,NaN,NaN,NaN,NaN,NaN,NaN,NaN,NaN,NaN,NaN,NaN,NaN,NaN,NaN,NaN,NaN,NaN,NaN,NaN,NaN,NaN,NaN,NaN,NaN,NaN,NaN,1318,1318,868.09,868.09,775.63,775.63,752.21,752.21,685.08,685.08,665.43,665.43,659.37,659.37,661.52
48.75,633.84,633.84,624.47,624.47,616.29,616.29,616.73,616.73,575.99,575.99,531.53,531.53,503.28,503.28,474.8,474.8,447.14,447.14,445.22,445.22,401.42,401.42,NaN,NaN,NaN,NaN,NaN,NaN,NaN,NaN,NaN,NaN,NaN,NaN,NaN,NaN,NaN,NaN,NaN,NaN,NaN,NaN,NaN,NaN,NaN,NaN,NaN,NaN,NaN,NaN,618.14,618.14,482.42,482.42,476.16,476.16,484.06,484.06,495.87,495.87,501.63,501.63,495.48,495.48,492.07,492.07,483.52,483.52,445.97,445.97,NaN,NaN,NaN,NaN,NaN,NaN,NaN,NaN,NaN,NaN,NaN,NaN,NaN,NaN,NaN,NaN,NaN,NaN,NaN,NaN,NaN,NaN,NaN,NaN,NaN,NaN,NaN,NaN,NaN,NaN,NaN,NaN,NaN,NaN,NaN,NaN,NaN,NaN,NaN,NaN,NaN,NaN,NaN,NaN,NaN,NaN,NaN,NaN,NaN,NaN,NaN,NaN,NaN,NaN,NaN,NaN,NaN,NaN,NaN,NaN,932.98,932.98,803.37,803.37,741.59,741.59,699.3,699.3,673.11,673.11,652.89,652.89,644.51,644.51
46.25,604.75,594.52,594.52,592.46,592.46,597.04,597.04,597.65,597.65,579.27,579.27,540.23,540.23,503.7,503.7,464.45,464.45,445.24,445.24,422.53,422.53,423.36,423.36,NaN,NaN,NaN,NaN,NaN,NaN,NaN,NaN,NaN,NaN,NaN,NaN,NaN,NaN,NaN,NaN,NaN,NaN,NaN,NaN,NaN,NaN,NaN,NaN,1221.1,1221.1,NaN,NaN,451.26,451.26,449.79,449.79,459.09,459.09,466.29,466.29,476.28,476.28,482.17,482.17,479.97,479.97,481.14,481.14,451.64,451.64,391.54,391.54,NaN,NaN,NaN,NaN,NaN,NaN,NaN,NaN,NaN,NaN,NaN,NaN,NaN,NaN,NaN,NaN,NaN,NaN,NaN,NaN,NaN,NaN,NaN,NaN,NaN,NaN,NaN,NaN,NaN,NaN,NaN,NaN,NaN,NaN,NaN,NaN,NaN,NaN,NaN,NaN,NaN,NaN,NaN,NaN,NaN,NaN,NaN,NaN,NaN,NaN,NaN,NaN,NaN,NaN,NaN,NaN,654.12,654.12,788.63,788.63,663.66,663.66,644.12,644.12,643.32,643.32,634.45,634.45,618.43,618.43,607.4,607.4,604.75
43.75,550.87,550.87,550.2,550.2,554.18,554.18,565.2,565.2,570.82,570.82,563.24,563.24,531.4,531.4,494.98,494.98,456.12,456.12,415.78,415.78,414.66,414.66,725.56,725.56,NaN,NaN,NaN,NaN,NaN,NaN,NaN,NaN,NaN,NaN,NaN,NaN,NaN,NaN,NaN,NaN,NaN,NaN,NaN,NaN,NaN,NaN,486.33,486.33,614.11,614.11,495.16,495.16,455.04,455.04,440.38,440.38,443.34,443.34,447.97,447.97,462.59,462.59,469.46,469.46,469.09,469.09,446.57,446.57,418.64,418.64,NaN,NaN,NaN,NaN,NaN,NaN,NaN,NaN,NaN,NaN,NaN,NaN,NaN,NaN,NaN,NaN,NaN,NaN,NaN,NaN,NaN,NaN,NaN,NaN,NaN,NaN,NaN,NaN,NaN,NaN,NaN,NaN,NaN,NaN,NaN,NaN,NaN,NaN,NaN,NaN,NaN,NaN,NaN,NaN,NaN,NaN,NaN,NaN,NaN,NaN,NaN,NaN,NaN,NaN,NaN,NaN,623.91,623.91,639.46,639.46,483.38,483.38,510.47,510.47,530.73,530.73,546.49,546.49,552.76,552.76,545.41,545.41,544.21,544.21
41.25,485.21,500.98,500.98,507.6,507.6,514.98,514.98,529.99,529.99,539.4,539.4,537.89,537.89,513.03,513.03,477.27,477.27,431.25,431.25,400.64,400.64,423.43,423.43,NaN,NaN,NaN,NaN,NaN,NaN,NaN,NaN,NaN,NaN,NaN,NaN,NaN,NaN,NaN,NaN,NaN,NaN,NaN,NaN,1134.6,1134.6,525.79,525.79,454.71,454.71,444.4,444.4,424.61,424.61,414.8,414.8,420.27,420.27,431.55,431.55,441.21,441.21,456.22,456.22,458.01,458.01,443.61,443.61,405.6,405.6,NaN,NaN,NaN,NaN,NaN,NaN,NaN,NaN,NaN,NaN,NaN,NaN,NaN,NaN,NaN,NaN,NaN,NaN,NaN,NaN,NaN,NaN,NaN,NaN,NaN,NaN,NaN,NaN,NaN,NaN,NaN,NaN,NaN,NaN,NaN,NaN,NaN,NaN,NaN,NaN,NaN,NaN,NaN,NaN,NaN,NaN,NaN,NaN,NaN,NaN,NaN,NaN,NaN,NaN,NaN,NaN,NaN,NaN,1032.2,1032.2,454.34,454.34,385.89,385.89,406.81,406.81,430.18,430.18,451.9,451.9,469.64,469.64,475.3,475.3,485.21
38.75,464.36,464.36,476.05,476.05,484.1,484.1,495.37,495.37,509.18,509.18,518.35,518.35,511.25,511.25,489.55,489.55,446.74,446.74,381.72,381.72,399.96,399.96,493.16,493.16,NaN,NaN,NaN,NaN,NaN,NaN,NaN,NaN,NaN,NaN,NaN,NaN,NaN,NaN,NaN,NaN,NaN,NaN,412.43,412.43,424.78,424.78,408.21,408.21,430.63,430.63,410.78,410.78,398.65,398.65,397.44,397.44,409.58,409.58,425.97,425.97,446.94,446.94,455.8,455.8,446.34,446.34,418.54,418.54,390.97,390.97,NaN,NaN,NaN,NaN,NaN,NaN,NaN,NaN,NaN,NaN,NaN,NaN,NaN,NaN,NaN,NaN,NaN,NaN,NaN,NaN,NaN,NaN,NaN,NaN,NaN,NaN,NaN,NaN,NaN,NaN,NaN,NaN,NaN,NaN,NaN,NaN,NaN,NaN,NaN,NaN,NaN,NaN,NaN,NaN,NaN,NaN,NaN,NaN,NaN,NaN,NaN,NaN,NaN,NaN,NaN,NaN,NaN,NaN,360.55,360.55,408.58,408.58,422.47,422.47,427.78,427.78,434.51,434.51,449.12,449.12,453.96,453.96,455.54,455.54
36.25,426.75,440.59,440.59,457.89,457.89,468,468,475.68,475.68,484.92,484.92,495.59,495.59,485.73,485.73,459.98,459.98,386.19,386.19,373.35,373.35,435.64,435.64,NaN,NaN,NaN,NaN,NaN,NaN,NaN,NaN,NaN,NaN,NaN,NaN,NaN,NaN,NaN,NaN,NaN,NaN,383.02,383.02,379.09,379.09,358.04,358.04,363.23,363.23,357.75,357.75,357.4,357.4,370.55,370.55,394.32,394.32,421.31,421.31,432.73,432.73,445.63,445.63,438.71,438.71,414.61,414.61,411.75,411.75,404.59,404.59,388.56,388.56,380.2,380.2,394.95,394.95,396.52,396.52,374.25,374.25,NaN,NaN,NaN,NaN,NaN,NaN,NaN,NaN,NaN,NaN,NaN,NaN,NaN,NaN,NaN,NaN,NaN,NaN,NaN,NaN,NaN,NaN,NaN,NaN,NaN,NaN,NaN,NaN,NaN,NaN,NaN,NaN,NaN,NaN,NaN,NaN,NaN,NaN,NaN,NaN,NaN,NaN,NaN,NaN,NaN,NaN,NaN,NaN,391.11,391.11,404.39,404.39,402.01,402.01,408.45,408.45,410.57,410.57,418.79,418.79,425.4,425.4,426.75
33.75,423.96,423.96,437.69,437.69,442.55,442.55,452.61,452.61,458.19,458.19,470,470,472.16,472.16,456.27,456.27,420.36,420.36,354.37,354.37,372.64,372.64,487.33,487.33,NaN,NaN,NaN,NaN,NaN,NaN,NaN,NaN,NaN,NaN,NaN,NaN,NaN,NaN,NaN,NaN,383.78,383.78,366.35,366.35,356.3,356.3,359.46,359.46,353.57,353.57,352.17,352.17,375.81,375.81,395.56,395.56,411.54,411.54,424.94,424.94,433.56,433.56,422.56,422.56,404.36,404.36,384.98,384.98,396.76,396.76,397.81,397.81,385.13,385.13,361.97,361.97,358.65,358.65,351.76,351.76,371.04,371.04,NaN,NaN,NaN,NaN,NaN,NaN,NaN,NaN,NaN,NaN,NaN,NaN,NaN,NaN,NaN,NaN,NaN,NaN,NaN,NaN,NaN,NaN,NaN,NaN,NaN,NaN,NaN,NaN,NaN,NaN,NaN,NaN,NaN,NaN,NaN,NaN,NaN,NaN,NaN,NaN,NaN,NaN,NaN,NaN,365.65,365.65,398.5,398.5,401.93,401.93,405.2,405.2,410.1,410.1,403.28,403.28,410.23,410.23,417.19,417.19,417.39,417.39
31.25,410.62,419.8,419.8,427.17,427.17,433.37,433.37,426.91,426.91,436.37,436.37,445.54,445.54,454.61,454.61,420.61,420.61,369.76,369.76,349.84,349.84,400.68,400.68,465.62,465.62,NaN,NaN,NaN,NaN,NaN,NaN,NaN,NaN,NaN,NaN,NaN,NaN,NaN,NaN,379.42,379.42,354.59,354.59,347.91,347.91,356.73,356.73,358.03,358.03,363.84,363.84,372.42,372.42,390.43,390.43,408.5,408.5,415.2,415.2,411.03,411.03,400.97,400.97,380.42,380.42,370.4,370.4,366.9,366.9,371.51,371.51,356.92,356.92,356.54,356.54,327.72,327.72,346.35,346.35,377.99,377.99,NaN,NaN,NaN,NaN,NaN,NaN,NaN,NaN,NaN,NaN,NaN,NaN,NaN,NaN,NaN,NaN,NaN,NaN,NaN,NaN,NaN,NaN,NaN,NaN,NaN,NaN,NaN,NaN,NaN,NaN,NaN,NaN,NaN,NaN,NaN,NaN,NaN,NaN,NaN,NaN,NaN,NaN,NaN,NaN,401.18,401.18,403.86,403.86,402.71,402.71,402.81,402.81,405.11,405.11,398.82,398.82,396.46,396.46,402.51,402.51,405.64,405.64,410.62
28.75,406.91,406.91,408.97,408.97,405.74,405.74,404.59,404.59,417.12,417.12,420.17,420.17,428.96,428.96,416.09,416.09,394.46,394.46,367.38,367.38,366.42,366.42,429.46,429.46,505.03,505.03,NaN,NaN,NaN,NaN,NaN,NaN,NaN,NaN,NaN,NaN,382.74,382.74,387.49,387.49,353.36,353.36,341.58,341.58,361.5,361.5,363.59,363.59,368.44,368.44,376.05,376.05,387.2,387.2,392.78,392.78,394.05,394.05,389.24,389.24,375.03,375.03,356.42,356.42,337.67,337.67,356.87,356.87,NaN,NaN,NaN,NaN,NaN,NaN,NaN,NaN,NaN,NaN,NaN,NaN,NaN,NaN,NaN,NaN,NaN,NaN,NaN,NaN,NaN,NaN,NaN,NaN,NaN,NaN,NaN,NaN,NaN,NaN,NaN,NaN,NaN,NaN,NaN,NaN,NaN,NaN,NaN,NaN,NaN,NaN,NaN,NaN,NaN,NaN,NaN,NaN,NaN,NaN,NaN,NaN,NaN,NaN,414.47,414.47,397.43,397.43,398.04,398.04,399.91,399.91,395.42,395.42,386.64,386.64,392.12,392.12,390.96,390.96,394.34,394.34,397.92,397.92,401.99,401.99
26.25,399,399.18,399.18,401.13,401.13,400.56,400.56,401.93,401.93,401.86,401.86,396.41,396.41,410.24,410.24,397.7,397.7,393.74,393.74,385.9,385.9,399.91,399.91,452.02,452.02,552.17,552.17,NaN,NaN,NaN,NaN,NaN,NaN,341.64,341.64,372.8,372.8,378.9,378.9,361.99,361.99,334.27,334.27,348.09,348.09,356.98,356.98,358.98,358.98,363.62,363.62,365.38,365.38,367.09,367.09,361.83,361.83,357.83,357.83,348.68,348.68,327.52,327.52,319.28,319.28,347.88,347.88,NaN,NaN,NaN,NaN,NaN,NaN,NaN,NaN,NaN,NaN,NaN,NaN,NaN,NaN,NaN,NaN,NaN,NaN,NaN,NaN,NaN,NaN,NaN,NaN,NaN,NaN,NaN,NaN,NaN,NaN,NaN,NaN,NaN,NaN,NaN,NaN,NaN,NaN,NaN,NaN,NaN,NaN,NaN,NaN,NaN,NaN,NaN,NaN,NaN,NaN,NaN,NaN,NaN,NaN,407.18,407.18,399.34,399.34,393.82,393.82,393.32,393.32,387.48,387.48,395.31,395.31,396.57,396.57,397.27,397.27,394.52,394.52,394.09,394.09,395.39,395.39,399
23.75,423.84,423.84,426.34,426.34,426.17,426.17,426.08,426.08,425.51,425.51,417.29,417.29,410.77,410.77,408.84,408.84,406.42,406.42,411.49,411.49,426.33,426.33,461.78,461.78,532.58,532.58,649.68,649.68,NaN,NaN,NaN,NaN,309.39,309.39,372.89,372.89,396.93,396.93,388.03,388.03,353.02,353.02,328.41,328.41,341.2,341.2,330.95,330.95,329.87,329.87,330.45,330.45,328.92,328.92,324.6,324.6,323.45,323.45,307.46,307.46,303.78,303.78,296.61,296.61,290.19,290.19,NaN,NaN,NaN,NaN,NaN,NaN,NaN,NaN,NaN,NaN,NaN,NaN,NaN,NaN,NaN,NaN,NaN,NaN,NaN,NaN,NaN,NaN,NaN,NaN,NaN,NaN,NaN,NaN,NaN,NaN,442.16,442.16,NaN,NaN,NaN,NaN,NaN,NaN,NaN,NaN,NaN,NaN,NaN,NaN,NaN,NaN,NaN,NaN,NaN,NaN,NaN,NaN,NaN,NaN,411.26,411.26,403.77,403.77,395.99,395.99,391.3,391.3,396.89,396.89,406.07,406.07,413.48,413.48,417.84,417.84,417.95,417.95,418.55,418.55,419.66,419.66,422.42,422.42
21.25,459.67,462.01,462.01,463.53,463.53,463.09,463.09,461.7,461.7,455.12,455.12,448.05,448.05,444.74,444.74,436.96,436.96,434.97,434.97,442.98,442.98,467.11,467.11,513.72,513.72,582.4,582.4,661.12,661.12,NaN,NaN,NaN,NaN,376.13,376.13,402.56,402.56,390.55,390.55,365.24,365.24,352.83,352.83,357.82,357.82,355,355,331.58,331.58,311.87,311.87,324.27,324.27,321.87,321.87,310.25,310.25,289.14,289.14,294.08,294.08,291.11,291.11,315.45,315.45,NaN,NaN,NaN,NaN,NaN,NaN,NaN,NaN,NaN,NaN,NaN,NaN,NaN,NaN,NaN,NaN,NaN,NaN,NaN,NaN,NaN,NaN,NaN,NaN,NaN,NaN,NaN,NaN,NaN,NaN,474.19,474.19,462.88,462.88,NaN,NaN,NaN,NaN,NaN,NaN,NaN,NaN,NaN,NaN,NaN,NaN,NaN,NaN,NaN,NaN,NaN,NaN,NaN,NaN,431.35,431.35,415.93,415.93,400.71,400.71,405.48,405.48,412.72,412.72,422.51,422.51,435.35,435.35,445.6,445.6,452.25,452.25,453.4,453.4,455.79,455.79,456.9,456.9,459.67
18.75,491.01,491.01,494.63,494.63,494.01,494.01,495.5,495.5,489.22,489.22,484.68,484.68,483.53,483.53,478.05,478.05,470.36,470.36,465.41,465.41,476.21,476.21,504.82,504.82,562.36,562.36,622.49,622.49,661.99,661.99,NaN,NaN,NaN,NaN,337.09,337.09,415.98,415.98,401.52,401.52,379.56,379.56,380.88,380.88,384.97,384.97,363.17,363.17,360.13,360.13,332.07,332.07,341.2,341.2,337.95,337.95,318.81,318.81,300.46,300.46,302.73,302.73,323.25,323.25,350.11,350.11,NaN,NaN,NaN,NaN,NaN,NaN,NaN,NaN,NaN,NaN,NaN,NaN,NaN,NaN,NaN,NaN,NaN,NaN,NaN,NaN,NaN,NaN,NaN,NaN,NaN,NaN,NaN,NaN,476.79,476.79,471.22,471.22,462.14,462.14,NaN,NaN,NaN,NaN,NaN,NaN,742.45,742.45,NaN,NaN,NaN,NaN,NaN,NaN,NaN,NaN,381.54,381.54,449.57,449.57,433.38,433.38,422.58,422.58,421.39,421.39,426.55,426.55,433.28,433.28,445.45,445.45,460.28,460.28,475.14,475.14,483.71,483.71,486.28,486.28,487.51,487.51,489.63,489.63
16.25,513.12,516.23,516.23,517.74,517.74,518.65,518.65,515.69,515.69,511.47,511.47,513.24,513.24,514.15,514.15,509.3,509.3,503.24,503.24,499.31,499.31,509.58,509.58,531.69,531.69,583.62,583.62,643.75,643.75,690.47,690.47,715.2,715.2,NaN,NaN,NaN,NaN,400.72,400.72,400.81,400.81,392.11,392.11,396.81,396.81,400.01,400.01,390.58,390.58,377.08,377.08,358.38,358.38,364.74,364.74,350.67,350.67,332.49,332.49,321.37,321.37,332.4,332.4,352.31,352.31,396.67,396.67,NaN,NaN,NaN,NaN,NaN,NaN,NaN,NaN,NaN,NaN,NaN,NaN,NaN,NaN,NaN,NaN,NaN,NaN,NaN,NaN,NaN,NaN,NaN,NaN,NaN,NaN,494.64,494.64,482.12,482.12,470.21,470.21,427.98,427.98,NaN,NaN,NaN,NaN,673.01,673.01,640.45,640.45,NaN,NaN,NaN,NaN,NaN,NaN,418.21,418.21,456.5,456.5,456.85,456.85,455.89,455.89,445.38,445.38,449.85,449.85,449.2,449.2,455.42,455.42,465.31,465.31,482.36,482.36,501.33,501.33,510.53,510.53,512.55,512.55,513.43,513.43,513.12
13.75,537.29,537.29,539.87,539.87,543.62,543.62,543.5,543.5,541.33,541.33,540.86,540.86,543.57,543.57,542.44,542.44,540.68,540.68,534.18,534.18,536.2,536.2,537.6,537.6,549.72,549.72,584.37,584.37,641.9,641.9,727.55,727.55,805.43,805.43,NaN,NaN,NaN,NaN,458.07,458.07,418.61,418.61,435.11,435.11,417.97,417.97,409.97,409.97,412.4,412.4,397.56,397.56,380.87,380.87,380.58,380.58,365.79,365.79,349.51,349.51,345.07,345.07,350.24,350.24,373.83,373.83,NaN,NaN,NaN,NaN,NaN,NaN,NaN,NaN,NaN,NaN,NaN,NaN,NaN,NaN,NaN,NaN,NaN,NaN,NaN,NaN,NaN,NaN,NaN,NaN,NaN,NaN,489.85,489.85,481.21,481.21,466.06,466.06,490.88,490.88,522.85,522.85,NaN,NaN,635.19,635.19,624.33,624.33,627.3,627.3,NaN,NaN,NaN,NaN,361.5,361.5,416.52,416.52,467.14,467.14,472.6,472.6,471.43,471.43,473.86,473.86,472.86,472.86,469.72,469.72,472.49,472.49,484.19,484.19,505.76,505.76,525.82,525.82,533.55,533.55,536.3,536.3,536.46,536.46
11.25,558.16,561.39,561.39,566.46,566.46,567.42,567.42,568.96,568.96,569.28,569.28,571.43,571.43,575.83,575.83,578.69,578.69,577,577,572.64,572.64,565.68,565.68,561.32,561.32,561.86,561.86,581.64,581.64,618.43,618.43,677.91,677.91,742.26,742.26,773.3,773.3,NaN,NaN,469.96,469.96,426.52,426.52,349.4,349.4,414.73,414.73,419.53,419.53,411.37,411.37,403.39,403.39,397.91,397.91,379.2,379.2,366.59,366.59,361.93,361.93,357.08,357.08,370.35,370.35,NaN,NaN,NaN,NaN,NaN,NaN,NaN,NaN,NaN,NaN,NaN,NaN,NaN,NaN,NaN,NaN,NaN,NaN,NaN,NaN,NaN,NaN,NaN,NaN,NaN,NaN,495.63,495.63,480.95,480.95,456.92,456.92,488.48,488.48,504.06,504.06,557.76,557.76,621.97,621.97,621.5,621.5,612.1,612.1,649.66,649.66,NaN,NaN,NaN,NaN,431.13,431.13,443.55,443.55,482.1,482.1,487.92,487.92,496.92,496.92,498.02,498.02,491.39,491.39,487.72,487.72,493.91,493.91,513.35,513.35,538.44,538.44,553.35,553.35,558.9,558.9,558.32,558.32,558.16
8.75,581.71,581.71,584.95,584.95,589.68,589.68,591.17,591.17,593.58,593.58,593.87,593.87,596.51,596.51,596.65,596.65,594.3,594.3,591.93,591.93,591.52,591.52,586.96,586.96,581.56,581.56,576.7,576.7,582.74,582.74,611.91,611.91,684.43,684.43,730.19,730.19,699.04,699.04,NaN,NaN,NaN,NaN,NaN,NaN,NaN,NaN,435.85,435.85,424.24,424.24,421.43,421.43,420.97,420.97,414.37,414.37,387.75,387.75,374.47,374.47,373.81,373.81,365.85,365.85,372.88,372.88,NaN,NaN,NaN,NaN,NaN,NaN,NaN,NaN,NaN,NaN,NaN,NaN,NaN,NaN,NaN,NaN,NaN,NaN,NaN,NaN,NaN,NaN,NaN,NaN,NaN,NaN,496.28,496.28,482.92,482.92,477.1,477.1,505.32,505.32,548.76,548.76,585.25,585.25,600.68,600.68,586.46,586.46,630.4,630.4,717.21,717.21,NaN,NaN,594.11,594.11,476.1,476.1,463.99,463.99,474.11,474.11,498.92,498.92,506.97,506.97,513.88,513.88,506.9,506.9,505.37,505.37,517.95,517.95,547.31,547.31,571,571,576.92,576.92,579.24,579.24,579.22,579.22
6.25,590.48,593.9,593.9,596.9,596.9,594.66,594.66,597.27,597.27,598.8,598.8,604.26,604.26,609.91,609.91,612.14,612.14,609.71,609.71,599.62,599.62,588.12,588.12,580.42,580.42,578,578,587.59,587.59,610.85,610.85,644.38,644.38,687.18,687.18,720.25,720.25,728.86,728.86,NaN,NaN,NaN,NaN,NaN,NaN,NaN,NaN,NaN,NaN,424.25,424.25,451.93,451.93,420.1,420.1,416.01,416.01,396.88,396.88,392.4,392.4,380.91,380.91,376.92,376.92,384.74,384.74,NaN,NaN,NaN,NaN,NaN,NaN,NaN,NaN,NaN,NaN,NaN,NaN,NaN,NaN,NaN,NaN,NaN,NaN,NaN,NaN,NaN,NaN,NaN,NaN,513.06,513.06,506.3,506.3,481.33,481.33,490.57,490.57,517.06,517.06,559.55,559.55,579.56,579.56,566.37,566.37,582.55,582.55,652.22,652.22,NaN,NaN,639.55,639.55,612.73,612.73,473.45,473.45,457.15,457.15,465.14,465.14,494.97,494.97,514.95,514.95,519.65,519.65,519.29,519.29,519.22,519.22,544.27,544.27,581.54,581.54,592.09,592.09,593.6,593.6,590.3,590.3,590.48
3.75,591.45,591.45,590.98,590.98,591.32,591.32,592.62,592.62,593.15,593.15,593.37,593.37,592.98,592.98,592.92,592.92,593.48,593.48,595.36,595.36,598.2,598.2,603.28,603.28,609.66,609.66,617.92,617.92,629.6,629.6,645.81,645.81,667.07,667.07,685.86,685.86,694.04,694.04,725.74,725.74,NaN,NaN,NaN,NaN,NaN,NaN,NaN,NaN,NaN,NaN,465.86,465.86,564.11,564.11,404.45,404.45,409.38,409.38,413.69,413.69,419.4,419.4,418.47,418.47,438.28,438.28,491.03,491.03,516.26,516.26,546.52,546.52,551.48,551.48,524.9,524.9,NaN,NaN,NaN,NaN,NaN,NaN,NaN,NaN,NaN,NaN,NaN,NaN,NaN,NaN,499.7,499.7,504.79,504.79,500.82,500.82,492.51,492.51,490.83,490.83,506.61,506.61,529.17,529.17,539.87,539.87,546.29,546.29,599.11,599.11,631.23,631.23,NaN,NaN,704.11,704.11,NaN,NaN,465.64,465.64,468.66,468.66,466.13,466.13,484.12,484.12,519.55,519.55,522.21,522.21,523.03,523.03,533.03,533.03,576.1,576.1,600.96,600.96,594.93,594.93,594.19,594.19,592.94,592.94
1.25,592.83,593.09,593.09,595.31,595.31,598.03,598.03,601.07,601.07,603.54,603.54,606.32,606.32,609.41,609.41,614.05,614.05,618.33,618.33,623.47,623.47,628.94,628.94,635.7,635.7,643.75,643.75,653.74,653.74,665.73,665.73,679.22,679.22,692.67,692.67,705.89,705.89,724.17,724.17,740.25,740.25,NaN,NaN,NaN,NaN,NaN,NaN,NaN,NaN,NaN,NaN,576.55,576.55,424.92,424.92,445.08,445.08,439.23,439.23,452.78,452.78,455.55,455.55,463.8,463.8,482.2,482.2,504.95,504.95,525.26,525.26,527.7,527.7,530.97,530.97,513.58,513.58,NaN,NaN,NaN,NaN,NaN,NaN,NaN,NaN,NaN,NaN,NaN,NaN,522.79,522.79,519.97,519.97,515.1,515.1,504.92,504.92,499.69,499.69,498.63,498.63,501.35,501.35,509.77,509.77,514.59,514.59,533.27,533.27,616.66,616.66,NaN,NaN,NaN,NaN,NaN,NaN,NaN,NaN,454.66,454.66,454.48,454.48,469.22,469.22,492.09,492.09,525.39,525.39,515.01,515.01,519.85,519.85,550.14,550.14,592.34,592.34,593.59,593.59,593.87,593.87,593.63,593.63,592.83
-1.25,599.75,599.75,601.5,601.5,604.13,604.13,607.59,607.59,610.52,610.52,613.88,613.88,617.1,617.1,621.67,621.67,626.37,626.37,631.44,631.44,637.11,637.11,643.57,643.57,650.61,650.61,659.2,659.2,668.43,668.43,679.1,679.1,690.42,690.42,701.97,701.97,715.11,715.11,741.6,741.6,NaN,NaN,NaN,NaN,NaN,NaN,NaN,NaN,NaN,NaN,NaN,NaN,441.48,441.48,460.45,460.45,454.89,454.89,457.51,457.51,471.95,471.95,474.9,474.9,485.55,485.55,496.97,496.97,507.64,507.64,517.35,517.35,524.36,524.36,531.16,531.16,NaN,NaN,NaN,NaN,NaN,NaN,NaN,NaN,NaN,NaN,NaN,NaN,499.11,499.11,500.62,500.62,506.45,506.45,507.26,507.26,509.13,509.13,508.88,508.88,507.24,507.24,505.61,505.61,510.46,510.46,512.33,512.33,546.6,546.6,578.56,578.56,NaN,NaN,NaN,NaN,NaN,NaN,NaN,NaN,476.15,476.15,478.49,478.49,517.96,517.96,545.26,545.26,515.03,515.03,533.86,533.86,533.44,533.44,577.88,577.88,599.34,599.34,598.24,598.24,599.29,599.29,598.61,598.61
-3.75,596.67,597.87,597.87,599.71,599.71,602.59,602.59,605.02,605.02,608.65,608.65,612.54,612.54,617.13,617.13,622.08,622.08,627.86,627.86,633.58,633.58,639.62,639.62,644.99,644.99,651.59,651.59,658.82,658.82,667.6,667.6,678.01,678.01,691,691,704.67,704.67,725.77,725.77,NaN,NaN,NaN,NaN,NaN,NaN,NaN,NaN,NaN,NaN,NaN,NaN,NaN,NaN,325.07,325.07,456.92,456.92,462.2,462.2,477.83,477.83,482.8,482.8,488.91,488.91,497.77,497.77,508.23,508.23,520.7,520.7,533.77,533.77,546.92,546.92,611.89,611.89,NaN,NaN,NaN,NaN,NaN,NaN,NaN,NaN,NaN,NaN,390.52,390.52,511.9,511.9,510.38,510.38,510.63,510.63,516.67,516.67,519.25,519.25,520.54,520.54,517.51,517.51,517.62,517.62,518.74,518.74,518.64,518.64,562.99,562.99,579.41,579.41,NaN,NaN,NaN,NaN,NaN,NaN,429.86,429.86,472.02,472.02,489.85,489.85,NaN,NaN,558.72,558.72,516.83,516.83,528.09,528.09,547.35,547.35,587,587,594.37,594.37,595.62,595.62,596.52,596.52,596.67
-6.25,599.15,599.15,599.93,599.93,600.75,600.75,602.7,602.7,606.88,606.88,611.33,611.33,616.79,616.79,621.81,621.81,626.74,626.74,630.25,630.25,634.47,634.47,639.15,639.15,644.89,644.89,651.13,651.13,657.5,657.5,664.17,664.17,675.2,675.2,689.43,689.43,705.61,705.61,735.34,735.34,NaN,NaN,NaN,NaN,NaN,NaN,NaN,NaN,NaN,NaN,NaN,NaN,NaN,NaN,NaN,NaN,439.08,439.08,471.59,471.59,475.51,475.51,483.25,483.25,491.85,491.85,501.18,501.18,514.91,514.91,530.51,530.51,548.54,548.54,602.55,602.55,488.71,488.71,NaN,NaN,NaN,NaN,NaN,NaN,NaN,NaN,NaN,NaN,500.12,500.12,488.54,488.54,496.24,496.24,515.36,515.36,529.83,529.83,533.96,533.96,530.8,530.8,526.58,526.58,530.31,530.31,525.79,525.79,547.32,547.32,573.37,573.37,576.45,576.45,NaN,NaN,NaN,NaN,388.37,388.37,459.13,459.13,492.72,492.72,560.7,560.7,NaN,NaN,NaN,NaN,532.67,532.67,547.92,547.92,583.61,583.61,597.29,597.29,596.87,596.87,598.19,598.19,598.47,598.47
-8.75,599.04,601.01,601.01,602.04,602.04,595.48,595.48,603.8,603.8,607.75,607.75,609.73,609.73,612.79,612.79,616.01,616.01,619.21,619.21,624.17,624.17,626.09,626.09,628.59,628.59,629.93,629.93,636.38,636.38,643.14,643.14,654.21,654.21,668.5,668.5,689.19,689.19,719.19,719.19,754.29,754.29,NaN,NaN,NaN,NaN,NaN,NaN,NaN,NaN,NaN,NaN,NaN,NaN,NaN,NaN,NaN,NaN,431.3,431.3,464.96,464.96,464.69,464.69,469.38,469.38,477.22,477.22,491.45,491.45,512.5,512.5,535.34,535.34,553.97,553.97,577.73,577.73,NaN,NaN,NaN,NaN,NaN,NaN,NaN,NaN,NaN,NaN,435.36,435.36,493.6,493.6,499.2,499.2,527.4,527.4,538.76,538.76,537.38,537.38,536.88,536.88,537.03,537.03,538.87,538.87,538.77,538.77,545.68,545.68,563.96,563.96,566.19,566.19,534.92,534.92,NaN,NaN,553.74,553.74,452.38,452.38,484.24,484.24,477.31,477.31,513.66,513.66,NaN,NaN,NaN,NaN,517.13,517.13,554.07,554.07,588.2,588.2,598.41,598.41,598.39,598.39,599.19,599.19,599.04
-11.25,594.31,594.31,594.88,594.88,592.73,592.73,591.35,591.35,593.23,593.23,596.22,596.22,597.8,597.8,600.72,600.72,603.89,603.89,608.95,608.95,610.01,610.01,610.97,610.97,610.83,610.83,616.1,616.1,624.31,624.31,632.56,632.56,644.46,644.46,664.94,664.94,691.95,691.95,730.98,730.98,765.18,765.18,NaN,NaN,NaN,NaN,NaN,NaN,NaN,NaN,NaN,NaN,NaN,NaN,NaN,NaN,334.84,334.84,444.13,444.13,449.59,449.59,444.42,444.42,450.13,450.13,465.86,465.86,490.98,490.98,516.55,516.55,543.7,543.7,559.84,559.84,541.28,541.28,NaN,NaN,NaN,NaN,NaN,NaN,NaN,NaN,NaN,NaN,501.25,501.25,502.02,502.02,515.93,515.93,531.96,531.96,529.9,529.9,531.51,531.51,531.56,531.56,533.24,533.24,534.92,534.92,536.32,536.32,543.94,543.94,540.64,540.64,533.48,533.48,530.46,530.46,490.24,490.24,469.93,469.93,468.53,468.53,475.57,475.57,465.39,465.39,NaN,NaN,NaN,NaN,425.79,425.79,501.51,501.51,575.31,575.31,592.24,592.24,592.62,592.62,593.84,593.84,594.71,594.71
-13.75,579.87,578.72,578.72,577.81,577.81,571.39,571.39,570.85,570.85,573.12,573.12,577.13,577.13,575.21,575.21,577.71,577.71,583.11,583.11,588.45,588.45,589,589,588.92,588.92,592.62,592.62,599.44,599.44,607.24,607.24,619.36,619.36,634.3,634.3,657.54,657.54,690.12,690.12,744.96,744.96,NaN,NaN,NaN,NaN,NaN,NaN,NaN,NaN,NaN,NaN,NaN,NaN,NaN,NaN,NaN,NaN,414.22,414.22,445.42,445.42,424.09,424.09,431.1,431.1,454.63,454.63,493.23,493.23,516.58,516.58,543.47,543.47,571.9,571.9,620.54,620.54,NaN,NaN,NaN,NaN,NaN,NaN,NaN,NaN,NaN,NaN,488.56,488.56,510.91,510.91,512.06,512.06,515.89,515.89,513.21,513.21,515.37,515.37,515.16,515.16,517.35,517.35,519.36,519.36,520.65,520.65,520.68,520.68,513.89,513.89,498.49,498.49,493.13,493.13,485.77,485.77,458.09,458.09,460.23,460.23,460.46,460.46,386.33,386.33,NaN,NaN,NaN,NaN,NaN,NaN,498.72,498.72,552.82,552.82,566.54,566.54,574.06,574.06,573.05,573.05,578.63,578.63,579.87
-16.25,551.93,551.93,551.56,551.56,548.68,548.68,545.9,545.9,545.56,545.56,551.42,551.42,552.06,552.06,550.23,550.23,552.14,552.14,557.97,557.97,560.33,560.33,565.52,565.52,566.36,566.36,569.22,569.22,566.98,566.98,572.73,572.73,586.67,586.67,604.8,604.8,620.65,620.65,647.79,647.79,713.02,713.02,NaN,NaN,NaN,NaN,NaN,NaN,NaN,NaN,NaN,NaN,NaN,NaN,NaN,NaN,440.9,440.9,414.14,414.14,424.46,424.46,447.37,447.37,461.28,461.28,485.28,485.28,506.85,506.85,532.28,532.28,558.43,558.43,584.15,584.15,603.69,603.69,NaN,NaN,NaN,NaN,NaN,NaN,NaN,NaN,484.28,484.28,491.94,491.94,473.68,473.68,506.88,506.88,492.76,492.76,497.51,497.51,496.07,496.07,496.55,496.55,497.07,497.07,498.11,498.11,496.34,496.34,489.52,489.52,475.19,475.19,468.27,468.27,470.28,470.28,469.48,469.48,461.34,461.34,466.32,466.32,NaN,NaN,NaN,NaN,NaN,NaN,NaN,NaN,NaN,NaN,500.51,500.51,535.05,535.05,541.57,541.57,544.56,544.56,549.07,549.07,555.19,555.19
-18.75,524.45,520.7,520.7,521.55,521.55,516.06,516.06,516.48,516.48,517.75,517.75,523.4,523.4,521.21,521.21,519.77,519.77,520.85,520.85,521.09,521.09,529.95,529.95,533.7,533.7,532.59,532.59,530.89,530.89,530.54,530.54,531.11,531.11,539.66,539.66,551.89,551.89,565.67,565.67,619.06,619.06,710.58,710.58,NaN,NaN,NaN,NaN,NaN,NaN,NaN,NaN,NaN,NaN,NaN,NaN,NaN,NaN,417.99,417.99,439.57,439.57,451.45,451.45,467.83,467.83,487.82,487.82,504.16,504.16,518.43,518.43,544.06,544.06,572.24,572.24,625.22,625.22,NaN,NaN,NaN,NaN,NaN,NaN,NaN,NaN,505.76,505.76,482.24,482.24,NaN,NaN,473.62,473.62,475.65,475.65,474.42,474.42,475.72,475.72,475.3,475.3,473.94,473.94,474.21,474.21,472.11,472.11,466.06,466.06,454.34,454.34,444.51,444.51,442.42,442.42,431.86,431.86,420.28,420.28,468.83,468.83,NaN,NaN,NaN,NaN,NaN,NaN,NaN,NaN,NaN,NaN,419.27,419.27,502.17,502.17,509.08,509.08,514.97,514.97,516.14,516.14,523.42,523.42,524.45
-21.25,490.31,490.31,490.69,490.69,485.82,485.82,482.5,482.5,482.99,482.99,485.95,485.95,487.22,487.22,485.5,485.5,482.56,482.56,479.92,479.92,483.39,483.39,488.69,488.69,498.15,498.15,493.78,493.78,489.86,489.86,486.78,486.78,486.37,486.37,483.67,483.67,488.41,488.41,507.21,507.21,561,561,652.63,652.63,NaN,NaN,NaN,NaN,NaN,NaN,NaN,NaN,NaN,NaN,NaN,NaN,434.73,434.73,417.23,417.23,452.41,452.41,465.03,465.03,475.99,475.99,488.28,488.28,502.83,502.83,523.83,523.83,549.3,549.3,586.26,586.26,651.95,651.95,NaN,NaN,NaN,NaN,NaN,NaN,410.64,410.64,467.3,467.3,NaN,NaN,366.04,366.04,471.96,471.96,439.3,439.3,448.67,448.67,447.72,447.72,447.25,447.25,446.06,446.06,443.95,443.95,439.72,439.72,428.79,428.79,417.51,417.51,414.28,414.28,412.6,412.6,390.4,390.4,425.18,425.18,NaN,NaN,NaN,NaN,NaN,NaN,NaN,NaN,NaN,NaN,NaN,NaN,444.33,444.33,477.9,477.9,479.17,479.17,485.18,485.18,487.33,487.33,493.05,493.05
-23.75,452.61,452.98,452.98,456.75,456.75,448.72,448.72,446.52,446.52,446.3,446.3,448.09,448.09,445.97,445.97,445.54,445.54,442.94,442.94,441.94,441.94,450.66,450.66,464.49,464.49,473.1,473.1,470.97,470.97,466.1,466.1,458.82,458.82,451.89,451.89,450.11,450.11,456.16,456.16,499.5,499.5,574.29,574.29,580.43,580.43,NaN,NaN,NaN,NaN,NaN,NaN,NaN,NaN,NaN,NaN,418.51,418.51,419.04,419.04,431.45,431.45,455.2,455.2,463.97,463.97,472.15,472.15,480.68,480.68,493.68,493.68,511.89,511.89,531.42,531.42,547.76,547.76,NaN,NaN,NaN,NaN,NaN,NaN,NaN,NaN,433.12,433.12,444.12,444.12,NaN,NaN,452.74,452.74,422.96,422.96,416.33,416.33,414.33,414.33,416.57,416.57,414.46,414.46,410.96,410.96,409.46,409.46,399.82,399.82,390.53,390.53,383.53,383.53,385.25,385.25,386.41,386.41,351.7,351.7,NaN,NaN,NaN,NaN,NaN,NaN,NaN,NaN,NaN,NaN,NaN,NaN,NaN,NaN,462.01,462.01,437.2,437.2,445.54,445.54,446.77,446.77,453.32,453.32,452.61
-26.25,420.7,420.7,424.95,424.95,424.32,424.32,418.55,418.55,414.98,414.98,415.76,415.76,414.29,414.29,413.99,413.99,413.95,413.95,414.81,414.81,424.45,424.45,435.76,435.76,451.23,451.23,459.16,459.16,461.25,461.25,457.96,457.96,445.72,445.72,449.55,449.55,447.23,447.23,456.4,456.4,520.62,520.62,619.78,619.78,NaN,NaN,NaN,NaN,NaN,NaN,NaN,NaN,NaN,NaN,432.06,432.06,423.94,423.94,421.1,421.1,435.92,435.92,452.15,452.15,460.82,460.82,467.06,467.06,477.35,477.35,493.56,493.56,522.56,522.56,572.42,572.42,650.68,650.68,NaN,NaN,NaN,NaN,NaN,NaN,NaN,NaN,454.16,454.16,397.73,397.73,414.42,414.42,442.24,442.24,406.49,406.49,402.12,402.12,401.63,401.63,400.13,400.13,396.03,396.03,390.97,390.97,389.57,389.57,379.69,379.69,385.22,385.22,382.98,382.98,370.4,370.4,332.42,332.42,NaN,NaN,NaN,NaN,NaN,NaN,NaN,NaN,NaN,NaN,NaN,NaN,NaN,NaN,368.57,368.57,456.71,456.71,433.59,433.59,426.18,426.18,424.15,424.15,424.6,424.6
-28.75,411.41,407.23,407.23,404.96,404.96,403.82,403.82,405.54,405.54,401.96,401.96,403.93,403.93,407.49,407.49,410.04,410.04,409.78,409.78,416.07,416.07,425.2,425.2,440.24,440.24,452.68,452.68,458.69,458.69,461.68,461.68,460.88,460.88,464.44,464.44,464.81,464.81,450.43,450.43,473.05,473.05,573.09,573.09,NaN,NaN,NaN,NaN,NaN,NaN,NaN,NaN,NaN,NaN,434.83,434.83,429.18,429.18,433.38,433.38,435.24,435.24,444.79,444.79,454.13,454.13,460.91,460.91,467.9,467.9,475.6,475.6,483.14,483.14,490.22,490.22,507.91,507.91,546.72,546.72,NaN,NaN,NaN,NaN,NaN,NaN,437.03,437.03,428.71,428.71,428.13,428.13,440.32,440.32,432,432,426.67,426.67,424.54,424.54,425.93,425.93,423.41,423.41,419.15,419.15,413.72,413.72,434.69,434.69,429.9,429.9,416.52,416.52,385.75,385.75,358.24,358.24,NaN,NaN,NaN,NaN,NaN,NaN,NaN,NaN,NaN,NaN,NaN,NaN,NaN,NaN,NaN,NaN,455.1,455.1,438.78,438.78,438.36,438.36,431.61,431.61,426.21,426.21,411.41
-31.25,421.7,421.7,411.91,411.91,409.87,409.87,411.74,411.74,415.5,415.5,417.75,417.75,420.9,420.9,423.94,423.94,427.64,427.64,426.01,426.01,433.85,433.85,437.86,437.86,448.16,448.16,459.01,459.01,460.66,460.66,478.15,478.15,480.3,480.3,484.46,484.46,484.05,484.05,442.94,442.94,465.36,465.36,608.3,608.3,NaN,NaN,NaN,NaN,NaN,NaN,NaN,NaN,453.61,453.61,441.25,441.25,445.57,445.57,459,459,458.02,458.02,453.72,453.72,459.21,459.21,466.01,466.01,474.24,474.24,479.37,479.37,480.54,480.54,480.44,480.44,533.59,533.59,750.41,750.41,NaN,NaN,NaN,NaN,451.73,451.73,443.87,443.87,441.02,441.02,437.07,437.07,464.12,464.12,476.3,476.3,478.99,478.99,482.05,482.05,481.18,481.18,481.47,481.47,484.39,484.39,495.61,495.61,493.49,493.49,481.08,481.08,447.53,447.53,396.94,396.94,361.21,361.21,NaN,NaN,NaN,NaN,NaN,NaN,NaN,NaN,NaN,NaN,NaN,NaN,NaN,NaN,398.72,398.72,443.57,443.57,458.2,458.2,447.74,447.74,436.73,436.73,425.66,425.66
-33.75,439.94,429.34,429.34,437.06,437.06,441.57,441.57,445.78,445.78,446.65,446.65,448.81,448.81,457.5,457.5,463.05,463.05,464.82,464.82,464.77,464.77,463.08,463.08,468.46,468.46,479.33,479.33,486.25,486.25,489.8,489.8,495.58,495.58,495.7,495.7,497.55,497.55,495.68,495.68,456.79,456.79,456.99,456.99,NaN,NaN,NaN,NaN,NaN,NaN,NaN,NaN,485.51,485.51,451.04,451.04,459.8,459.8,477.98,477.98,487.09,487.09,488.66,488.66,482.32,482.32,472.35,472.35,473.94,473.94,490.99,490.99,496.86,496.86,493.84,493.84,466.14,466.14,441.5,441.5,NaN,NaN,NaN,NaN,444.28,444.28,439.92,439.92,448.83,448.83,444.63,444.63,458.95,458.95,488.27,488.27,498.7,498.7,507.43,507.43,517.24,517.24,519.9,519.9,521.41,521.41,530.66,530.66,537.29,537.29,541.31,541.31,522.93,522.93,483.51,483.51,430.06,430.06,410.48,410.48,NaN,NaN,NaN,NaN,428.75,428.75,NaN,NaN,NaN,NaN,NaN,NaN,NaN,NaN,441.79,441.79,462.15,462.15,468.84,468.84,458.98,458.98,451.49,451.49,439.94
-36.25,414.74,414.74,446.26,446.26,467.82,467.82,485.52,485.52,487.76,487.76,491.7,491.7,501.62,501.62,507.97,507.97,510.46,510.46,510.16,510.16,504.99,504.99,508.15,508.15,510.31,510.31,518.96,518.96,521.16,521.16,524.54,524.54,522.98,522.98,522.48,522.48,516.67,516.67,505.92,505.92,445.01,445.01,417.4,417.4,NaN,NaN,NaN,NaN,NaN,NaN,495.18,495.18,475.71,475.71,490.47,490.47,511.15,511.15,526.4,526.4,538.6,538.6,540.87,540.87,535.4,535.4,518.38,518.38,492.51,492.51,510.25,510.25,524.96,524.96,511.06,511.06,477.66,477.66,467.44,467.44,423.07,423.07,453.31,453.31,448.17,448.17,460.43,460.43,476.58,476.58,479.89,479.89,483.78,483.78,494.34,494.34,512.87,512.87,525.75,525.75,529.21,529.21,533.14,533.14,541.64,541.64,558.1,558.1,566.41,566.41,565.71,565.71,555.82,555.82,525.58,525.58,480.54,480.54,496.43,496.43,513.54,513.54,452.43,452.43,453.52,453.52,393.57,393.57,NaN,NaN,NaN,NaN,452.19,452.19,471.7,471.7,485.96,485.96,467.62,467.62,441.2,441.2,435.93,435.93
-38.75,468.95,446.46,446.46,485.22,485.22,509.6,509.6,525.37,525.37,535.22,535.22,544.4,544.4,558.11,558.11,560.05,560.05,562.77,562.77,557.05,557.05,552.38,552.38,551.72,551.72,551.5,551.5,555.83,555.83,556.77,556.77,554.58,554.58,551.2,551.2,545.04,545.04,531.07,531.07,509.43,509.43,372.28,372.28,NaN,NaN,NaN,NaN,NaN,NaN,587.63,587.63,517.17,517.17,527.85,527.85,559.68,559.68,583.27,583.27,599.99,599.99,610.7,610.7,615.08,615.08,607.47,607.47,582.52,582.52,553.06,553.06,543.79,543.79,556.21,556.21,509.13,509.13,463.77,463.77,452.83,452.83,454.12,454.12,450.16,450.16,464.77,464.77,493.9,493.9,518.3,518.3,523.88,523.88,518.3,518.3,525.39,525.39,537.9,537.9,542.06,542.06,544.49,544.49,555.47,555.47,564.6,564.6,583.07,583.07,585.69,585.69,594.12,594.12,590.65,590.65,569.35,569.35,551.07,551.07,545.07,545.07,519.46,519.46,504.37,504.37,457.43,457.43,410.29,410.29,NaN,NaN,442.15,442.15,464.5,464.5,503.51,503.51,484.3,484.3,436.56,436.56,NaN,NaN,468.95
-41.25,499.1,499.1,486.48,486.48,522.34,522.34,551.49,551.49,571.29,571.29,580.09,580.09,592.93,592.93,598.15,598.15,600.01,600.01,601.16,601.16,593.75,593.75,592.15,592.15,587.41,587.41,586.95,586.95,590.55,590.55,585.9,585.9,580.22,580.22,574.27,574.27,557.57,557.57,544.87,544.87,471.9,471.9,284.49,284.49,NaN,NaN,NaN,NaN,785.73,785.73,650.68,650.68,610.49,610.49,629.37,629.37,647.52,647.52,659.68,659.68,669.35,669.35,679.23,679.23,691.57,691.57,681.28,681.28,649.1,649.1,624.21,624.21,608.7,608.7,617.35,617.35,541.37,541.37,467.87,467.87,455.31,455.31,463.88,463.88,477.64,477.64,515.55,515.55,561.45,561.45,595.69,595.69,582.06,582.06,569.88,569.88,582.33,582.33,594.82,594.82,587.05,587.05,575.09,575.09,575.84,575.84,590.22,590.22,606.93,606.93,617.59,617.59,616.08,616.08,621.54,621.54,620.7,620.7,607.33,607.33,590.27,590.27,573.77,573.77,565.65,565.65,477.1,477.1,477.6,477.6,490.87,490.87,463.35,463.35,511.77,511.77,517.32,517.32,464.79,464.79,NaN,NaN,664.77,664.77
-43.75,599.02,561.46,561.46,562.66,562.66,582.38,582.38,604.11,604.11,616.57,616.57,624.83,624.83,632.87,632.87,632.74,632.74,635.12,635.12,632.43,632.43,629.36,629.36,627.76,627.76,622.15,622.15,623.88,623.88,620.7,620.7,611.58,611.58,604.66,604.66,588.71,588.71,568.3,568.3,548.08,548.08,346.17,346.17,NaN,NaN,NaN,NaN,728.65,728.65,708.04,708.04,676.14,676.14,692.56,692.56,706.57,706.57,712.62,712.62,717.26,717.26,726.51,726.51,750.62,750.62,772.51,772.51,757.19,757.19,726.47,726.47,706.19,706.19,689.69,689.69,681.65,681.65,647.36,647.36,571.45,571.45,513.96,513.96,504.51,504.51,555.12,555.12,620.08,620.08,680.31,680.31,690.81,690.81,661.76,661.76,661.86,661.86,676.61,676.61,682.36,682.36,668.46,668.46,634.49,634.49,621.31,621.31,630.78,630.78,640.52,640.52,647.58,647.58,650.43,650.43,645.54,645.54,641.36,641.36,637.61,637.61,637.01,637.01,638.22,638.22,639.1,639.1,477.17,477.17,431.36,431.36,478.57,478.57,509.33,509.33,541.81,541.81,468.75,468.75,NaN,NaN,615.48,615.48,599.02
-46.25,634.53,634.53,613.45,613.45,626.1,626.1,646.75,646.75,661.88,661.88,667.56,667.56,672.57,672.57,672.92,672.92,671.05,671.05,671.13,671.13,668.86,668.86,670.48,670.48,667.12,667.12,663.87,663.87,660.26,660.26,648.94,648.94,640.05,640.05,625.46,625.46,601.44,601.44,586.43,586.43,514.37,514.37,253.7,253.7,NaN,NaN,660.25,660.25,745.49,745.49,725.89,725.89,730.02,730.02,746.15,746.15,752.14,752.14,755.33,755.33,761.82,761.82,786.96,786.96,832,832,853.85,853.85,834.54,834.54,811.11,811.11,793.49,793.49,775.97,775.97,758.81,758.81,739.91,739.91,668.14,668.14,611.58,611.58,635.31,635.31,692.02,692.02,769.06,769.06,842.34,842.34,839.56,839.56,806.45,806.45,790.16,790.16,788.06,788.06,779.54,779.54,768.39,768.39,713.95,713.95,677.29,677.29,676.22,676.22,682.31,682.31,685.31,685.31,689.1,689.1,686.08,686.08,677.75,677.75,677.94,677.94,688.08,688.08,683.5,683.5,684.94,684.94,546.44,546.44,456.86,456.86,490.35,490.35,552.19,552.19,557.51,557.51,537.47,537.47,636.59,636.59,678.57,678.57
-48.75,687.14,669.3,669.3,675.11,675.11,693.63,693.63,710.5,710.5,718.71,718.71,721.33,721.33,721.87,721.87,717.52,717.52,713.48,713.48,712.59,712.59,714.7,714.7,716.65,716.65,713.48,713.48,706.34,706.34,692.93,692.93,682,682,667.61,667.61,646.09,646.09,622.38,622.38,597.81,597.81,403.47,403.47,NaN,NaN,629.94,629.94,765.84,765.84,791.27,791.27,778.3,778.3,786.87,786.87,795.17,795.17,796.59,796.59,799.59,799.59,822.5,822.5,870.14,870.14,922.61,922.61,934.07,934.07,918.38,918.38,903.5,903.5,884.14,884.14,863.96,863.96,851.66,851.66,842.53,842.53,802.36,802.36,774.53,774.53,804.41,804.41,877.38,877.38,953.22,953.22,979.41,979.41,951.46,951.46,927.74,927.74,915.71,915.71,902.58,902.58,887.19,887.19,851.42,851.42,811.35,811.35,785.01,785.01,751.84,751.84,732.67,732.67,728.87,728.87,728.14,728.14,728.55,728.55,732.92,732.92,738.97,738.97,743.78,743.78,736.93,736.93,719.28,719.28,615.92,615.92,544.07,544.07,544.58,544.58,579.31,579.31,585.24,585.24,592.4,592.4,658.83,658.83,687.14
-51.25,749.93,749.93,743.61,743.61,752.22,752.22,764.56,764.56,773.46,773.46,774.96,774.96,775.21,775.21,772.67,772.67,765.65,765.65,760.89,760.89,762.72,762.72,767.13,767.13,767.79,767.79,759.64,759.64,743.26,743.26,727.27,727.27,713.46,713.46,694.61,694.61,669.2,669.2,657.41,657.41,585.63,585.63,370.69,370.69,NaN,NaN,751.77,751.77,856.38,856.38,846.12,846.12,843.33,843.33,849.41,849.41,852.07,852.07,853.15,853.15,866.7,866.7,907.32,907.32,971.62,971.62,1019,1019,1029.4,1029.4,1023.8,1023.8,1013.4,1013.4,989.01,989.01,975.66,975.66,983.14,983.14,972.93,972.93,956.76,956.76,963.2,963.2,1000.3,1000.3,1044.3,1044.3,1063.3,1063.3,1043.3,1043.3,1004.8,1004.8,974.1,974.1,948.36,948.36,943.36,943.36,932.51,932.51,900.3,900.3,865.35,865.35,841.05,841.05,828.19,828.19,810.69,810.69,796.7,796.7,780.1,780.1,776.69,776.69,786.86,786.86,798.17,798.17,801.58,801.58,796.17,796.17,774.53,774.53,689.11,689.11,631.66,631.66,624.46,624.46,632.69,632.69,646.8,646.8,710.72,710.72,758.54,758.54
-53.75,814.85,810.44,810.44,813.44,813.44,821.96,821.96,832.27,832.27,839.49,839.49,837.26,837.26,835.56,835.56,830.22,830.22,821.68,821.68,818.72,818.72,821.9,821.9,825.68,825.68,820.62,820.62,802.79,802.79,781.43,781.43,764.52,764.52,746.19,746.19,728.28,728.28,696.01,696.01,696.32,696.32,518.79,518.79,NaN,NaN,683.93,683.93,823.3,823.3,894.52,894.52,897.09,897.09,912.65,912.65,927.66,927.66,935.25,935.25,946.86,946.86,973.89,973.89,1015.4,1015.4,1075.3,1075.3,1108.7,1108.7,1123.2,1123.2,1127,1127,1113.9,1113.9,1096.6,1096.6,1099.6,1099.6,1120.8,1120.8,1101,1101,1078.3,1078.3,1080.1,1080.1,1102.5,1102.5,1121.6,1121.6,1113.8,1113.8,1071.7,1071.7,1023,1023,989.57,989.57,977.85,977.85,1005.2,1005.2,1003.3,1003.3,966.29,966.29,929.92,929.92,912.49,912.49,898.93,898.93,892.79,892.79,882.84,882.84,872.85,872.85,862.82,862.82,862.68,862.68,867.15,867.15,865.92,865.92,855.65,855.65,831.4,831.4,776.67,776.67,736.02,736.02,717.68,717.68,707.35,707.35,738.55,738.55,797.11,797.11,814.85
-56.25,879.5,879.5,879.8,879.8,884.76,884.76,895.08,895.08,905.59,905.59,911.84,911.84,912.18,912.18,913.8,913.8,904.99,904.99,894.2,894.2,890.43,890.43,890.43,890.43,887.35,887.35,870.16,870.16,844.9,844.9,822.85,822.85,804.37,804.37,785.16,785.16,763.19,763.19,739.78,739.78,705.54,705.54,558.45,558.45,711.39,711.39,818.11,818.11,921.56,921.56,935.95,935.95,969.09,969.09,988.22,988.22,1014,1014,1033.4,1033.4,1086.1,1086.1,1098,1098,1146.6,1146.6,1191.8,1191.8,1289.2,1289.2,1369.3,1369.3,1382.1,1382.1,1409.7,1409.7,1381.2,1381.2,1402.5,1402.5,1308.1,1308.1,1236.8,1236.8,1189.1,1189.1,1173,1173,1178,1178,1170.1,1170.1,1134.4,1134.4,1082.3,1082.3,1044.9,1044.9,1024,1024,1058.4,1058.4,1096.5,1096.5,1076.1,1076.1,1034.1,1034.1,1011.4,1011.4,997.36,997.36,988.56,988.56,980.16,980.16,965.16,965.16,950.87,950.87,951.13,951.13,949.47,949.47,946.01,946.01,947.87,947.87,932.53,932.53,893.6,893.6,857.74,857.74,846.92,846.92,830.69,830.69,824.61,824.61,856.58,856.58,879.27,879.27
-58.75,938.44,939.34,939.34,943.02,943.02,951.35,951.35,967.26,967.26,978.53,978.53,983.16,983.16,993.83,993.83,993.98,993.98,980.24,980.24,966.86,966.86,962.62,962.62,959.13,959.13,942.7,942.7,915.06,915.06,888.71,888.71,868.17,868.17,846.78,846.78,829.81,829.81,799.18,799.18,807.42,807.42,724.82,724.82,734.65,734.65,810.63,810.63,960.83,960.83,1010.1,1010.1,1093.7,1093.7,1198.8,1198.8,1263.5,1263.5,1313.3,1313.3,1386.9,1386.9,1366.1,1366.1,1393.7,1393.7,1431.6,1431.6,1448.4,1448.4,1556.2,1556.2,1595.5,1595.5,1611.5,1611.5,1609.1,1609.1,1593.6,1593.6,1583.3,1583.3,1462.9,1462.9,1340.4,1340.4,1302.3,1302.3,1292.4,1292.4,1317,1317,1311.4,1311.4,1303.2,1303.2,1264.7,1264.7,1245.4,1245.4,1257,1257,1337.9,1337.9,1340.4,1340.4,1280.3,1280.3,1237.3,1237.3,1184.6,1184.6,1101.1,1101.1,1133,1133,1075.3,1075.3,1044.2,1044.2,1025.4,1025.4,1024.2,1024.2,1005.4,1005.4,1010.7,1010.7,1002.6,1002.6,975.35,975.35,939.61,939.61,923.52,923.52,914.37,914.37,903.28,903.28,918.46,918.46,936.07,936.07,938.44
-61.25,1021.9,1021.9,1024.5,1024.5,1033.4,1033.4,1050.2,1050.2,1065.1,1065.1,1163.6,1163.6,1180.8,1180.8,1183.2,1183.2,1119.4,1119.4,1084.3,1084.3,1057.4,1057.4,1047.7,1047.7,1028.4,1028.4,996.44,996.44,965.32,965.32,941.85,941.85,922.26,922.26,900.59,900.59,884.38,884.38,854.61,854.61,890.38,890.38,789.51,789.51,972.55,972.55,1126.2,1126.2,1232.2,1232.2,1256.7,1256.7,1481.6,1481.6,1565.5,1565.5,1595.2,1595.2,1616.9,1616.9,1649.9,1649.9,1693.5,1693.5,1732.5,1732.5,1753.8,1753.8,1747.1,1747.1,1710.4,1710.4,1686.4,1686.4,1681.9,1681.9,1684.7,1684.7,1673.4,1673.4,1652.3,1652.3,1601.8,1601.8,1478.6,1478.6,1527.6,1527.6,1513.9,1513.9,1509.8,1509.8,1478.8,1478.8,1516.6,1516.6,1512.4,1512.4,1524.9,1524.9,1557.1,1557.1,1599.3,1599.3,1561,1561,1463.4,1463.4,1454.6,1454.6,1292.4,1292.4,1361.7,1361.7,1314.4,1314.4,1252.8,1252.8,1204,1204,1166.3,1166.3,1099.4,1099.4,1108,1108,1136.2,1136.2,1072.3,1072.3,1101.7,1101.7,1109.4,1109.4,1113.2,1113.2,1108,1108,1035.7,1035.7,1031.8,1031.8,1024.2,1024.2
-63.75,1175.5,1195,1195,1222.9,1222.9,1241.1,1241.1,1254.9,1254.9,1295,1295,1439.3,1439.3,1481.1,1481.1,1401.5,1401.5,1277.7,1277.7,1207.1,1207.1,1187.7,1187.7,1133.7,1133.7,1090.5,1090.5,1049.7,1049.7,1022.2,1022.2,1004.7,1004.7,985.41,985.41,969.44,969.44,951.4,951.4,1015.2,1015.2,1055.4,1055.4,1132.9,1132.9,1319.9,1319.9,1743.6,1743.6,1725.5,1725.5,1748.6,1748.6,1754.8,1754.8,1735.4,1735.4,1721.1,1721.1,1713.7,1713.7,1798.5,1798.5,1844.7,1844.7,1857.3,1857.3,1843.2,1843.2,1788.4,1788.4,1709,1709,1705.6,1705.6,1691.8,1691.8,1737.2,1737.2,1732.5,1732.5,1711,1711,1711.4,1711.4,1673.3,1673.3,1634.5,1634.5,1635.8,1635.8,1726.8,1726.8,1714.2,1714.2,1695,1695,1670.3,1670.3,1697.4,1697.4,1695.6,1695.6,1670.8,1670.8,1681.2,1681.2,1607.3,1607.3,1630.3,1630.3,1687.1,1687.1,1634.7,1634.7,1626.8,1626.8,1600.9,1600.9,1562.6,1562.6,1546.7,1546.7,1339.4,1339.4,1488.5,1488.5,1338,1338,1418.2,1418.2,1444.8,1444.8,1423.3,1423.3,1440.7,1440.7,1325.1,1325.1,1240.5,1240.5,1210,1210,1175.5
-66.25,1523.9,1523.9,1599.1,1599.1,1620,1620,1649,1649,1674.2,1674.2,1684.7,1684.7,1693.6,1693.6,1693.9,1693.9,1629.6,1629.6,1533.6,1533.6,1489.7,1489.7,1425,1425,1286.3,1286.3,1217.5,1217.5,1184,1184,1167.1,1167.1,1154.3,1154.3,1159.2,1159.2,1145.3,1145.3,1214.6,1214.6,1361.5,1361.5,1424.8,1424.8,2181.3,2181.3,1704.2,1704.2,1925.6,1925.6,1961.9,1961.9,1880,1880,1800.5,1800.5,1747,1747,1760.1,1760.1,1824.3,1824.3,1864.6,1864.6,1857.7,1857.7,1825.2,1825.2,1786.3,1786.3,1763.9,1763.9,1762.7,1762.7,1754.8,1754.8,1751.7,1751.7,1749.9,1749.9,1743.4,1743.4,1749.8,1749.8,1815.7,1815.7,1815.7,1815.7,1956.9,1956.9,1974.8,1974.8,1911.3,1911.3,1937.7,1937.7,1925.4,1925.4,1912.6,1912.6,1776.1,1776.1,1812.8,1812.8,1893.8,1893.8,1815.3,1815.3,1814.6,1814.6,1836.7,1836.7,1852.1,1852.1,1842.3,1842.3,1831.2,1831.2,1863.3,1863.3,1908.6,1908.6,1885.8,1885.8,1887.6,1887.6,1892.6,1892.6,1871.8,1871.8,1845.2,1845.2,1713.7,1713.7,1697,1697,1670.6,1670.6,1579.9,1579.9,1582,1582,1558.9,1558.9
-68.75,1707.5,1720.8,1720.8,1740,1740,1759.6,1759.6,1772.6,1772.6,1800.2,1800.2,1779,1779,1764.4,1764.4,1750.7,1750.7,1752.9,1752.9,1756.5,1756.5,1756,1756,1747.9,1747.9,1641.8,1641.8,1627.8,1627.8,1624.8,1624.8,1621.2,1621.2,1661.6,1661.6,1654.1,1654.1,1672.5,1672.5,1696.5,1696.5,1850.5,1850.5,2045.6,2045.6,NaN,NaN,NaN,NaN,2033.6,2033.6,1993.1,1993.1,1906.8,1906.8,1834,1834,1813.2,1813.2,1851,1851,1931.4,1931.4,1931.2,1931.2,1903.2,1903.2,1869.9,1869.9,2006.9,2006.9,2020.8,2020.8,2002.5,2002.5,1996.2,1996.2,1985.6,1985.6,1974.8,1974.8,1962.8,1962.8,1950,1950,1917.3,1917.3,1942.6,1942.6,1967.7,1967.7,NaN,NaN,NaN,NaN,NaN,NaN,1869.8,1869.8,1846.8,1846.8,1904.3,1904.3,1896.9,1896.9,NaN,NaN,NaN,NaN,NaN,NaN,NaN,NaN,NaN,NaN,NaN,NaN,NaN,NaN,NaN,NaN,NaN,NaN,NaN,NaN,NaN,NaN,NaN,NaN,NaN,NaN,1789.9,1789.9,1847.9,1847.9,1966.5,1966.5,1881.9,1881.9,1701.9,1701.9,1734.4,1734.4,1707.5
-71.25,1767.1,1767.1,1805.6,1805.6,1839.6,1839.6,1850.7,1850.7,1829.8,1829.8,1815.6,1815.6,1820.3,1820.3,1823.7,1823.7,1840.9,1840.9,1931.9,1931.9,1916.4,1916.4,1913.7,1913.7,1914.2,1914.2,1904.5,1904.5,1913.5,1913.5,1906.7,1906.7,1927.8,1927.8,1952.3,1952.3,1919.1,1919.1,1929.3,1929.3,2007.9,2007.9,NaN,NaN,NaN,NaN,NaN,NaN,2037.9,2037.9,2005.9,2005.9,1981,1981,1964.5,1964.5,1939.9,1939.9,1959.7,1959.7,1990.9,1990.9,2007.3,2007.3,2091,2091,2102.6,2102.6,2040.9,2040.9,2041.7,2041.7,2044.6,2044.6,2037.6,2037.6,2035.7,2035.7,2008.9,2008.9,1999.4,1999.4,1988.8,1988.8,NaN,NaN,NaN,NaN,NaN,NaN,NaN,NaN,NaN,NaN,NaN,NaN,NaN,NaN,NaN,NaN,NaN,NaN,NaN,NaN,NaN,NaN,NaN,NaN,NaN,NaN,NaN,NaN,NaN,NaN,NaN,NaN,NaN,NaN,NaN,NaN,NaN,NaN,NaN,NaN,NaN,NaN,NaN,NaN,NaN,NaN,NaN,NaN,NaN,NaN,NaN,NaN,1854.4,1854.4,1835.9,1835.9,1844.3,1844.3,1748.5,1748.5
-73.75,1757.5,1797.6,1797.6,1881.4,1881.4,1891.7,1891.7,1898.2,1898.2,1901.6,1901.6,1914.9,1914.9,1924.7,1924.7,1924.4,1924.4,1934.9,1934.9,1908.8,1908.8,1904.8,1904.8,1906.3,1906.3,1904.4,1904.4,1915.6,1915.6,1906.2,1906.2,1925.9,1925.9,NaN,NaN,NaN,NaN,NaN,NaN,NaN,NaN,NaN,NaN,NaN,NaN,NaN,NaN,NaN,NaN,2004,2004,1982.2,1982.2,1986.4,1986.4,2001.2,2001.2,2029.1,2029.1,2030.3,2030.3,2085.6,2085.6,2118.5,2118.5,2131,2131,NaN,NaN,NaN,NaN,NaN,NaN,NaN,NaN,NaN,NaN,NaN,NaN,NaN,NaN,NaN,NaN,NaN,NaN,NaN,NaN,NaN,NaN,NaN,NaN,NaN,NaN,NaN,NaN,NaN,NaN,NaN,NaN,NaN,NaN,NaN,NaN,NaN,NaN,NaN,NaN,NaN,NaN,NaN,NaN,NaN,NaN,NaN,NaN,NaN,NaN,NaN,NaN,NaN,NaN,NaN,NaN,NaN,NaN,NaN,NaN,NaN,NaN,NaN,NaN,NaN,NaN,NaN,NaN,NaN,NaN,NaN,NaN,NaN,NaN,1775.3,1775.3,1757.5
-76.25,1791.7,1791.7,1823.1,1823.1,1888.8,1888.8,1902,1902,1901.5,1901.5,1905.1,1905.1,1927.9,1927.9,1926.8,1926.8,1944.5,1944.5,NaN,NaN,NaN,NaN,NaN,NaN,NaN,NaN,NaN,NaN,NaN,NaN,NaN,NaN,NaN,NaN,NaN,NaN,NaN,NaN,NaN,NaN,NaN,NaN,NaN,NaN,NaN,NaN,NaN,NaN,NaN,NaN,1977.6,1977.6,1982.6,1982.6,2000.1,2000.1,2021.4,2021.4,2042.1,2042.1,2091.1,2091.1,NaN,NaN,NaN,NaN,NaN,NaN,NaN,NaN,NaN,NaN,NaN,NaN,NaN,NaN,NaN,NaN,NaN,NaN,NaN,NaN,NaN,NaN,NaN,NaN,NaN,NaN,NaN,NaN,NaN,NaN,NaN,NaN,NaN,NaN,NaN,NaN,NaN,NaN,NaN,NaN,NaN,NaN,NaN,NaN,NaN,NaN,NaN,NaN,NaN,NaN,NaN,NaN,NaN,NaN,NaN,NaN,NaN,NaN,NaN,NaN,NaN,NaN,NaN,NaN,NaN,NaN,NaN,NaN,NaN,NaN,NaN,NaN,NaN,NaN,NaN,NaN,NaN,NaN,1721.3,1721.3,1762.9,1762.9
-78.75,1840.1,1863,1863,1880.7,1880.7,1890.1,1890.1,1898.9,1898.9,1906.4,1906.4,NaN,NaN,NaN,NaN,NaN,NaN,NaN,NaN,NaN,NaN,NaN,NaN,NaN,NaN,NaN,NaN,NaN,NaN,NaN,NaN,NaN,NaN,NaN,NaN,NaN,NaN,NaN,NaN,NaN,NaN,NaN,NaN,NaN,NaN,NaN,NaN,NaN,NaN,NaN,NaN,1970.6,1970.6,1973.5,1973.5,2001.9,2001.9,2034.4,2034.4,NaN,NaN,NaN,NaN,NaN,NaN,NaN,NaN,NaN,NaN,NaN,NaN,NaN,NaN,NaN,NaN,NaN,NaN,NaN,NaN,NaN,NaN,NaN,NaN,NaN,NaN,NaN,NaN,NaN,NaN,NaN,NaN,NaN,NaN,NaN,NaN,NaN,NaN,NaN,NaN,NaN,NaN,NaN,NaN,NaN,NaN,NaN,NaN,NaN,NaN,NaN,NaN,NaN,NaN,NaN,NaN,NaN,NaN,NaN,NaN,NaN,NaN,NaN,NaN,NaN,NaN,NaN,NaN,NaN,NaN,NaN,NaN,NaN,NaN,NaN,NaN,NaN,NaN,NaN,NaN,NaN,NaN,1824.7,1824.7,1840.1
-81.25,NaN,NaN,NaN,NaN,NaN,NaN,NaN,NaN,NaN,NaN,NaN,NaN,NaN,NaN,NaN,NaN,NaN,NaN,NaN,NaN,NaN,NaN,NaN,NaN,NaN,NaN,NaN,NaN,NaN,NaN,NaN,NaN,NaN,NaN,NaN,NaN,NaN,NaN,NaN,NaN,NaN,NaN,NaN,NaN,NaN,NaN,NaN,NaN,NaN,NaN,NaN,NaN,NaN,NaN,NaN,NaN,NaN,NaN,NaN,NaN,NaN,NaN,NaN,NaN,NaN,NaN,NaN,NaN,NaN,NaN,NaN,NaN,NaN,NaN,NaN,NaN,NaN,NaN,NaN,NaN,NaN,NaN,NaN,NaN,NaN,NaN,NaN,NaN,NaN,NaN,NaN,NaN,NaN,NaN,NaN,NaN,NaN,NaN,NaN,NaN,NaN,NaN,NaN,NaN,NaN,NaN,NaN,NaN,NaN,NaN,NaN,NaN,NaN,NaN,NaN,NaN,NaN,NaN,NaN,NaN,NaN,NaN,NaN,NaN,NaN,NaN,NaN,NaN,NaN,NaN,NaN,NaN,NaN,NaN,NaN,NaN,NaN,NaN,NaN,NaN,NaN,NaN,NaN,NaN
-83.75,NaN,NaN,NaN,NaN,NaN,NaN,NaN,NaN,NaN,NaN,NaN,NaN,NaN,NaN,NaN,NaN,NaN,NaN,NaN,NaN,NaN,NaN,NaN,NaN,NaN,NaN,NaN,NaN,NaN,NaN,NaN,NaN,NaN,NaN,NaN,NaN,NaN,NaN,NaN,NaN,NaN,NaN,NaN,NaN,NaN,NaN,NaN,NaN,NaN,NaN,NaN,NaN,NaN,NaN,NaN,NaN,NaN,NaN,NaN,NaN,NaN,NaN,NaN,NaN,NaN,NaN,NaN,NaN,NaN,NaN,NaN,NaN,NaN,NaN,NaN,NaN,NaN,NaN,NaN,NaN,NaN,NaN,NaN,NaN,NaN,NaN,NaN,NaN,NaN,NaN,NaN,NaN,NaN,NaN,NaN,NaN,NaN,NaN,NaN,NaN,NaN,NaN,NaN,NaN,NaN,NaN,NaN,NaN,NaN,NaN,NaN,NaN,NaN,NaN,NaN,NaN,NaN,NaN,NaN,NaN,NaN,NaN,NaN,NaN,NaN,NaN,NaN,NaN,NaN,NaN,NaN,NaN,NaN,NaN,NaN,NaN,NaN,NaN,NaN,NaN,NaN,NaN,NaN,NaN
-86.25,NaN,NaN,NaN,NaN,NaN,NaN,NaN,NaN,NaN,NaN,NaN,NaN,NaN,NaN,NaN,NaN,NaN,NaN,NaN,NaN,NaN,NaN,NaN,NaN,NaN,NaN,NaN,NaN,NaN,NaN,NaN,NaN,NaN,NaN,NaN,NaN,NaN,NaN,NaN,NaN,NaN,NaN,NaN,NaN,NaN,NaN,NaN,NaN,NaN,NaN,NaN,NaN,NaN,NaN,NaN,NaN,NaN,NaN,NaN,NaN,NaN,NaN,NaN,NaN,NaN,NaN,NaN,NaN,NaN,NaN,NaN,NaN,NaN,NaN,NaN,NaN,NaN,NaN,NaN,NaN,NaN,NaN,NaN,NaN,NaN,NaN,NaN,NaN,NaN,NaN,NaN,NaN,NaN,NaN,NaN,NaN,NaN,NaN,NaN,NaN,NaN,NaN,NaN,NaN,NaN,NaN,NaN,NaN,NaN,NaN,NaN,NaN,NaN,NaN,NaN,NaN,NaN,NaN,NaN,NaN,NaN,NaN,NaN,NaN,NaN,NaN,NaN,NaN,NaN,NaN,NaN,NaN,NaN,NaN,NaN,NaN,NaN,NaN,NaN,NaN,NaN,NaN,NaN,NaN
-88.75,NaN,NaN,NaN,NaN,NaN,NaN,NaN,NaN,NaN,NaN,NaN,NaN,NaN,NaN,NaN,NaN,NaN,NaN,NaN,NaN,NaN,NaN,NaN,NaN,NaN,NaN,NaN,NaN,NaN,NaN,NaN,NaN,NaN,NaN,NaN,NaN,NaN,NaN,NaN,NaN,NaN,NaN,NaN,NaN,NaN,NaN,NaN,NaN,NaN,NaN,NaN,NaN,NaN,NaN,NaN,NaN,NaN,NaN,NaN,NaN,NaN,NaN,NaN,NaN,NaN,NaN,NaN,NaN,NaN,NaN,NaN,NaN,NaN,NaN,NaN,NaN,NaN,NaN,NaN,NaN,NaN,NaN,NaN,NaN,NaN,NaN,NaN,NaN,NaN,NaN,NaN,NaN,NaN,NaN,NaN,NaN,NaN,NaN,NaN,NaN,NaN,NaN,NaN,NaN,NaN,NaN,NaN,NaN,NaN,NaN,NaN,NaN,NaN,NaN,NaN,NaN,NaN,NaN,NaN,NaN,NaN,NaN,NaN,NaN,NaN,NaN,NaN,NaN,NaN,NaN,NaN,NaN,NaN,NaN,NaN,NaN,NaN,NaN,NaN,NaN,NaN,NaN,NaN,NaN
